연번,발생일,사고유형,발생역,발생시간
1,2025-12-30,역구내 사고,쌍문역,10:33
2,2025-12-20,열차내 사고,천호(5)역,10:46
3,2025-12-15,발빠짐,회현역,12:22
4,2025-12-14,역구내 사고,신정네거리역,06:18
5,2025-12-12,출입문관련,석촌역,08:14
6,2025-12-12,승강설비관련,여의나루역,19:12
7,2025-12-07,역구내 사고,봉천역,08:50
8,2025-12-05,열차내 사고,구로디지털단지역,17:25
9,2025-12-04,역구내 사고,혜화역,21:50
10,2025-12-03,발빠짐,동대문(4)역,08:43
11,2025-12-02,발빠짐,합정(6)역,07:13
12,2025-12-02,발빠짐,동대문역사문화공원(4)역,08:21
13,2025-12-01,승강설비관련,공덕(6)역,22:55
14,2025-12-01,열차내 사고,충정로(2)역,08:25
15,2025-11-28,승강설비관련,온수(7)역,21:40
16,2025-11-27,발빠짐,고속터미널(7)역,20:20
17,2025-11-26,역구내 사고,마포구청역,13:42
18,2025-11-25,발빠짐,동대문역사문화공원(4)역,07:59
19,2025-11-25,출입문관련,서울(4)역,17:22
20,2025-11-25,승강설비관련,먹골역,10:23
21,2025-11-24,승강설비관련,가산디지털단지(7)역,14:00
22,2025-11-22,열차내 사고,선릉역,12:36
23,2025-11-21,승강설비관련,동대문(4)역,10:15
24,2025-11-16,출입문관련,연신내(3)역,10:32
25,2025-11-14,발빠짐,면목역,08:15
26,2025-11-14,발빠짐,고속터미널(7)역,17:48
27,2025-11-13,출입문관련,을지로3가(2)역,18:07
28,2025-11-12,발빠짐,석촌역,18:14
29,2025-11-10,발빠짐,철산역,20:33
30,2025-11-09,출입문관련,동작역,07:14
31,2025-11-08,출입문관련,방학역,10:33
32,2025-11-08,열차내 사고,수유역,20:15
33,2025-11-06,승강설비관련,천호(5)역,08:25
34,2025-11-05,승강설비관련,성신여대입구역,12:52
35,2025-11-05,출입문관련,신도림(2)역,15:47
36,2025-11-04,출입문관련,오금(3)역,16:22
37,2025-11-04,출입문관련,동대문역사문화공원(4)역,18:34
38,2025-11-03,발빠짐,고속터미널(7)역,21:55
39,2025-11-01,출입문관련,회현역,21:20
40,2025-10-30,열차내 사고,초지역,16:50
41,2025-10-30,열차내 사고,금정역,12:58
42,2025-10-29,출입문관련,을지로입구역,15:01
43,2025-10-29,출입문관련,뚝섬역,08:31
44,2025-10-29,역구내 사고,화곡역,09:50
45,2025-10-28,열차내 사고,모란역,11:04
46,2025-10-28,출입문관련,왕십리(5)역,08:27
47,2025-10-28,출입문관련,회현역,12:13
48,2025-10-26,발빠짐,고속터미널(7)역,16:00
49,2025-10-24,출입문관련,영등포시장역,17:55
50,2025-10-24,출입문관련,교대(2)역,18:15
51,2025-10-23,발빠짐,고속터미널(7)역,23:18
52,2025-10-22,출입문관련,한성대입구역,09:36
53,2025-10-21,출입문관련,군자역,08:26
54,2025-10-21,열차내 사고,합정(2)역,18:45
55,2025-10-20,출입문관련,구파발(3)역,08:33
56,2025-10-20,열차내 사고,응암역,18:30
57,2025-10-18,역구내 사고,수락산역,22:44
58,2025-10-18,발빠짐,동대문역사문화공원(5)역,20:46
59,2025-10-17,열차내 사고,천호(5)역,09:17
60,2025-10-17,열차내 사고,마포구청역,13:45
61,2025-10-16,열차내 사고,서울대입구역,12:13
62,2025-10-16,출입문관련,안국역,08:18
63,2025-10-15,승강설비관련,상월곡역,20:55
64,2025-10-15,발빠짐,구로디지털단지역,16:18
65,2025-10-15,출입문관련,강동역,06:03
66,2025-10-14,출입문관련,상계역,10:14
67,2025-10-14,발빠짐,고속터미널(7)역,09:12
68,2025-10-13,출입문관련,종로3가(5)역,15:28
69,2025-10-13,열차내 사고,을지로4가(5)역,20:30
70,2025-10-13,역구내 사고,압구정역,20:22
71,2025-10-13,발빠짐,고속터미널(7)역,18:00
72,2025-10-13,역구내 사고,이대역,19:04
73,2025-10-11,승강설비관련,서대문역,12:12
74,2025-10-11,열차내 사고,삼송역,13:12
75,2025-10-10,역구내 사고,석계(6)역,10:23
76,2025-10-10,역구내 사고,망원역,11:24
77,2025-10-10,승강설비관련,건대입구(7)역,11:47
78,2025-10-06,역구내 사고,오금(5)역,23:05
79,2025-10-04,역구내 사고,청량리역,11:35
80,2025-10-04,역구내 사고,신정역,14:43
81,2025-10-04,출입문관련,미아사거리역,21:07
82,2025-10-04,열차내 사고,가산디지털단지(7)역,16:50
83,2025-10-02,출입문관련,초지역,11:51
84,2025-10-02,승강설비관련,가산디지털단지(7)역,18:44
85,2025-10-02,출입문관련,군자역,08:36
86,2025-09-29,열차내 사고,낙성대역,10:49
87,2025-09-29,출입문관련,강남구청역,09:31
88,2025-09-28,역구내 사고,응암역,11:25
89,2025-09-28,역구내 사고,동대입구역,10:39
90,2025-09-27,승강설비관련,신도림역,20:00
91,2025-09-27,출입문관련,영등포구청(2)역,13:50
92,2025-09-27,출입문관련,을지로4가(2)역,18:05
93,2025-09-26,출입문관련,성수역,15:47
94,2025-09-26,열차내 사고,아현역,15:53
95,2025-09-26,열차내 사고,강남역,18:08
96,2025-09-25,역구내 사고,신당(6)역,13:07
97,2025-09-24,발빠짐,압구정역,18:41
98,2025-09-23,열차내 사고,광화문역,22:25
99,2025-09-23,열차내 사고,을지로4가(5)역,16:10
100,2025-09-23,열차내 사고,제5707열차,21:20
101,2025-09-22,승강설비관련,서울(4)역,14:12
102,2025-09-22,열차내 사고,오금(3)역,11:07
103,2025-09-21,역구내 사고,왕십리(5)역,22:55
104,2025-09-20,승강설비관련,청량리역,11:39
105,2025-09-20,승강설비관련,수유역,19:37
106,2025-09-20,역구내 사고,천호(8)역,05:42
107,2025-09-20,열차내 사고,용답역,08:54
108,2025-09-20,출입문관련,시청(1)역,18:33
109,2025-09-19,역구내 사고,미사역,15:30
110,2025-09-19,역구내 사고,종로5가역,19:19
111,2025-09-19,출입문관련,부천역,14:10
112,2025-09-19,출입문관련,올림픽공원역,08:29
113,2025-09-19,발빠짐,동대문(4)역,08:57
114,2025-09-18,역구내 사고,보문역,13:40
115,2025-09-17,역구내 사고,시청(1)역,10:43
116,2025-09-16,역구내 사고,구로디지털단지역,13:50
117,2025-09-16,열차내 사고,압구정역,20:34
118,2025-09-16,열차내 사고,압구정역,20:34
119,2025-09-16,발빠짐,구로디지털단지역,09:32
120,2025-09-16,승강설비관련,수락산역,12:37
121,2025-09-15,열차내 사고,대림(7)역,14:17
122,2025-09-15,역구내 사고,을지로3가(3)역,08:24
123,2025-09-15,승강설비관련,광명사거리역,14:17
124,2025-09-14,역구내 사고,신도림역,11:09
125,2025-09-14,출입문관련,서초역,16:28
126,2025-09-13,열차내 사고,시청(2)역,11:42
127,2025-09-13,발빠짐,발산역,09:55
128,2025-09-11,발빠짐,서울역,07:17
129,2025-09-11,역구내 사고,미아역,18:18
130,2025-09-11,열차내 사고,신도림역,18:50
131,2025-09-11,열차내 사고,역삼역,18:17
132,2025-09-11,승강설비관련,선릉(2)역,14:28
133,2025-09-11,열차내 사고,성수역,09:25
134,2025-09-11,출입문관련,동대문역사문화공원(4)역,12:47
135,2025-09-10,역구내 사고,까치산(5)역,09:10
136,2025-09-10,출입문관련,동대문역사문화공원(5)역,13:20
137,2025-09-10,발빠짐,압구정역,18:12
138,2025-09-09,기타,토목사업소,14:30
139,2025-09-09,역구내 사고,지축역,18:43
140,2025-09-09,승강설비관련,구의역,08:52
141,2025-09-09,열차내 사고,천호(8)역,11:07
142,2025-09-09,역구내 사고,모란역,13:24
143,2025-09-08,출입문관련,선릉(2)역,08:32
144,2025-09-08,역구내 사고,사당(2)역,20:30
145,2025-09-08,역구내 사고,불암산역,08:24
146,2025-09-06,출입문관련,아차산역,09:23
147,2025-09-06,승강설비관련,응암역,09:26
148,2025-09-05,출입문관련,노원(4)역,15:00
149,2025-09-04,출입문관련,시청(1)역,07:59
150,2025-09-04,역구내 사고,공릉역,16:55
151,2025-09-03,열차내 사고,수락산역,15:56
152,2025-09-03,출입문관련,고덕역,17:08
153,2025-09-02,출입문관련,창동역,18:13
154,2025-09-02,출입문관련,천호(5)역,08:42
155,2025-09-01,승강설비관련,마곡역,17:55
156,2025-09-01,승강설비관련,태릉입구(7)역,06:38
157,2025-08-31,역구내 사고,천호(5)역,18:52
158,2025-08-31,승강설비관련,약수(3)역,16:18
159,2025-08-30,승강설비관련,성수역,12:39
160,2025-08-29,출입문관련,길동역,17:03
161,2025-08-29,열차내 사고,고덕역,14:41
162,2025-08-27,출입문관련,고속터미널(7)역,17:44
163,2025-08-27,출입문관련,산본역,13:53
164,2025-08-27,출입문관련,태릉입구(6)역,15:23
165,2025-08-26,발빠짐,서대문역,22:31
166,2025-08-26,출입문관련,구의역,16:28
167,2025-08-25,역구내 사고,증산역,18:40
168,2025-08-25,출입문관련,천왕역,07:32
169,2025-08-24,역구내 사고,천호(5)역,16:46
170,2025-08-24,출입문관련,코레일 이첩,18:34
171,2025-08-23,출입문관련,충무로(3)역,14:17
172,2025-08-23,출입문관련,충무로(3)역,14:17
173,2025-08-22,출입문관련,건대입구(2)역,21:14
174,2025-08-21,출입문관련,올림픽공원역,13:08
175,2025-08-20,역구내 사고,응암역,11:59
176,2025-08-20,열차내 사고,제8027열차,07:18
177,2025-08-19,승강설비관련,제4225열차,11:40
178,2025-08-19,열차내 사고,동작터널,07:23
179,2025-08-19,출입문관련,제5620열차,14:26
180,2025-08-19,출입문관련,제7083열차,08:01
181,2025-08-18,열차내 사고,건대입구~구의역간 고가 하부,15:27
182,2025-08-16,역구내 사고,S4609열차,15:30
183,2025-08-16,열차내 사고,제8068열차,17:38
184,2025-08-16,출입문관련,상계역,09:21
185,2025-08-15,역구내 사고,신대방역,16:38
186,2025-08-15,출입문관련,명동역,20:54
187,2025-08-14,역구내 사고,신금호역,08:25
188,2025-08-14,열차내 사고,잠실새내역,15:14
189,2025-08-14,열차내 사고,코레일 이첩,16:30
190,2025-08-13,승강설비관련,봉화산역,07:35
191,2025-08-13,역구내 사고,봉천역,08:03
192,2025-08-13,역구내 사고,을지로3가(2)역,18:30
193,2025-08-13,출입문관련,오금(5)역,06:44
194,2025-08-13,역구내 사고,봉천역,11:52
195,2025-08-13,출입문관련,충무로(3)역,11:17
196,2025-08-11,출입문관련,가산디지털단지(7)역,22:27
197,2025-08-11,출입문관련,삼성역,21:43
198,2025-08-11,열차내 사고,사당(2)역,21:01
199,2025-08-11,출입문관련,노원(4)역,08:52
200,2025-08-08,열차내 사고,창동역,16:04
201,2025-08-08,발빠짐,철산역,07:44
202,2025-08-07,열차내 사고,코레일 이첩,19:30
203,2025-08-07,열차내 사고,공덕(5)역,13:58
204,2025-08-06,출입문관련,부평역,09:34
205,2025-08-06,역구내 사고,공덕(5)역,16:06
206,2025-08-05,출입문관련,강동역,18:32
207,2025-08-05,출입문관련,서대문역,08:18
208,2025-08-05,출입문관련,회현역,17:35
209,2025-08-04,역구내 사고,서초역,09:15
210,2025-08-03,열차내 사고,돌곶이역,09:25
211,2025-08-03,열차내 사고,돌곶이역,09:25
212,2025-08-02,역구내 사고,종합운동장역,13:00
213,2025-08-02,출입문관련,김포공항역,14:30
214,2025-08-01,출입문관련,대림(7)역,07:40
215,2025-07-31,열차내 사고,종로3가(5)역,11:46
216,2025-07-31,열차내 사고,성신여대입구역,14:45
217,2025-07-31,출입문관련,을지로4가(2)역,06:51
218,2025-07-31,출입문관련,시청(2)역,17:37
219,2025-07-30,출입문관련,충무로(4)역,18:28
220,2025-07-30,발빠짐,신금호역,08:26
221,2025-07-29,역구내 사고,중화역,18:55
222,2025-07-29,발빠짐,고속터미널(7)역,22:46
223,2025-07-28,열차내 사고,화곡역,08:47
224,2025-07-28,발빠짐,응암역,06:41
225,2025-07-26,출입문관련,정발산역,16:19
226,2025-07-26,승강설비관련,사당(2)역,18:04
227,2025-07-25,열차내 사고,태릉입구(7)역,18:51
228,2025-07-25,발빠짐,매봉역,14:25
229,2025-07-24,역구내 사고,종로5가역,17:46
230,2025-07-24,출입문관련,잠실(2)역,18:39
231,2025-07-24,역구내 사고,마포역,20:38
232,2025-07-24,발빠짐,회현역,22:53
233,2025-07-23,출입문관련,목동역,18:38
234,2025-07-23,출입문관련,명일역,06:49
235,2025-07-22,발빠짐,고속터미널(7)역,19:18
236,2025-07-22,출입문관련,공덕(5)역,18:30
237,2025-07-21,승강설비관련,종로3가(5)역,09:29
238,2025-07-21,역구내 사고,청담역,14:30
239,2025-07-21,발빠짐,회현역,20:58
240,2025-07-21,역구내 사고,동대문(4)역,06:35
241,2025-07-20,역구내 사고,명일역,10:44
242,2025-07-20,출입문관련,당산역,16:13
243,2025-07-18,승강설비관련,상왕십리역,09:33
244,2025-07-17,열차내 사고,구파발(3)역,07:53
245,2025-07-17,역구내 사고,노원(7)역,18:38
246,2025-07-17,역구내 사고,이대역,20:40
247,2025-07-17,역구내 사고,잠실새내역,08:55
248,2025-07-16,역구내 사고,암사역,12:17
249,2025-07-16,발빠짐,연신내(6)역,12:56
250,2025-07-15,출입문관련,동대문역사문화공원(4)역,11:49
251,2025-07-14,열차내 사고,종로3가(3)역,18:05
252,2025-07-14,역구내 사고,가산디지털단지(7)역,20:50
253,2025-07-14,출입문관련,신당(2)역,07:45
254,2025-07-14,출입문관련,응암역,08:39
255,2025-07-14,출입문관련,을지로4가(5)역,09:22
256,2025-07-13,출입문관련,온수(1)역,20:19
257,2025-07-13,출입문관련,군자(5)역,14:44
258,2025-07-12,역구내 사고,천호(5)역,16:02
259,2025-07-12,출입문관련,올림픽공원역,10:19
260,2025-07-11,출입문관련,부천역,13:57
261,2025-07-11,열차내 사고,증산역,06:04
262,2025-07-11,출입문관련,영등포구청(2)역,10:15
263,2025-07-11,승강설비관련,종로3가(1)역,07:12
264,2025-07-11,발빠짐,아현역,18:37
265,2025-07-11,출입문관련,방화역,10:02
266,2025-07-10,역구내 사고,회현역,15:30
267,2025-07-09,역구내 사고,동대문(4)역,18:39
268,2025-07-09,출입문관련,도봉산(7)역,14:21
269,2025-07-08,출입문관련,까치산(5)역,19:39
270,2025-07-08,역구내 사고,동대문역사문화공원(2)역,05:35
271,2025-07-07,열차내 사고,불암산역,12:11
272,2025-07-07,승강설비관련,둔촌동역,11:08
273,2025-07-07,승강설비관련,방이역,11:59
274,2025-07-07,열차내 사고,이수(4)역,15:45
275,2025-07-06,승강설비관련,까치산(5)역,18:56
276,2025-07-06,발빠짐,서울(4)역,20:38
277,2025-07-05,출입문관련,삼성역,14:06
278,2025-07-04,출입문관련,여의나루역,20:37
279,2025-07-04,열차내 사고,대림(2)역,08:20
280,2025-07-04,열차내 사고,사당(2)역,09:02
281,2025-07-04,열차내 사고,방배역,09:10
282,2025-07-04,출입문관련,군자(7)역,16:11
283,2025-07-04,열차내 사고,방배역,09:10
284,2025-07-03,역구내 사고,잠실새내역,17:42
285,2025-07-03,발빠짐,신촌역,15:03
286,2025-07-03,열차내 사고,강남역,17:30
287,2025-07-03,출입문관련,모란역,12:18
288,2025-07-03,출입문관련,발산역,18:33
289,2025-07-03,열차내 사고,삼성역,08:42
290,2025-07-03,출입문관련,창동역,17:26
291,2025-07-03,열차내 사고,사당(2)역,17:29
292,2025-07-02,역구내 사고,동대문역사문화공원(5)역,15:30
293,2025-07-02,출입문관련,대림(7)역,14:46
294,2025-07-02,출입문관련,신림역,08:54
295,2025-07-02,역구내 사고,오금(5)역,18:28
296,2025-07-01,발빠짐,목동역,15:15
297,2025-07-01,역구내 사고,신촌역,15:27
298,2025-07-01,열차내 사고,신정,09:16
299,2025-07-01,승강설비관련,상왕십리역,09:12
300,2025-06-30,승강설비관련,명동역,22:27
301,2025-06-28,출입문관련,종로5가역,10:56
302,2025-06-28,발빠짐,고속터미널(7)역,20:39
303,2025-06-28,출입문관련,혜화역,19:32
304,2025-06-26,열차내 사고,종로3가(3)역,18:11
305,2025-06-26,역구내 사고,창동역,08:54
306,2025-06-26,열차내 사고,병점역,10:00
307,2025-06-26,출입문관련,구의역,15:58
308,2025-06-26,출입문관련,동대문역사문화공원(5)역,07:40
309,2025-06-24,승강설비관련,신사역,21:55
310,2025-06-24,승강설비관련,양재역,18:30
311,2025-06-23,승강설비관련,여의도역,08:15
312,2025-06-23,출입문관련,방화역,09:48
313,2025-06-22,열차내 사고,명일역,08:54
314,2025-06-22,승강설비관련,영등포시장역,22:38
315,2025-06-22,역구내 사고,신당(2)역,12:53
316,2025-06-21,역구내 사고,제기동역,13:33
317,2025-06-20,역구내 사고,충정로역,11:15
318,2025-06-20,역구내 사고,사당(4)역,07:42
319,2025-06-20,역구내 사고,올림픽공원역,17:27
320,2025-06-20,역구내 사고,동묘앞(1)역,07:42
321,2025-06-20,출입문관련,발산역,11:12
322,2025-06-20,역구내 사고,모란역,10:37
323,2025-06-20,역구내 사고,양천구청역,10:49
324,2025-06-20,역구내 사고,한성대입구역,11:04
325,2025-06-20,열차내 사고,사당(2)역,16:25
326,2025-06-19,승강설비관련,사당(2)역,19:37
327,2025-06-18,역구내 사고,회현역,14:20
328,2025-06-17,승강설비관련,동대문(4)역,15:03
329,2025-06-16,역구내 사고,수락산역,05:58
330,2025-06-15,승강설비관련,신림역,21:35
331,2025-06-14,역구내 사고,수락산역,17:35
332,2025-06-14,출입문관련,방이역,10:46
333,2025-06-14,역구내 사고,공덕(6)역,08:18
334,2025-06-13,역구내 사고,교대(2)역,14:56
335,2025-06-13,발빠짐,봉천역,22:08
336,2025-06-12,승강설비관련,새절역,09:10
337,2025-06-12,열차내 사고,코레일 이첩,05:46
338,2025-06-12,발빠짐,도봉산(7)역,17:24
339,2025-06-12,출입문관련,여의도역,19:11
340,2025-06-11,승강설비관련,경찰병원역,07:53
341,2025-06-11,출입문관련,녹번역,17:13
342,2025-06-10,열차내 사고,남양주도시공사 이첩,19:50
343,2025-06-10,열차내 사고,단대오거리역,08:14
344,2025-06-09,열차내 사고,모란역,12:29
345,2025-06-09,열차내 사고,도봉산(7)역,13:21
346,2025-06-08,승강설비관련,충무로(4)역,12:20
347,2025-06-08,역구내 사고,마들역,14:21
348,2025-06-07,출입문관련,신설동(1)역,13:19
349,2025-06-06,출입문관련,경복궁역,12:01
350,2025-06-06,발빠짐,고속터미널(7)역,21:30
351,2025-06-05,출입문관련,수유역,11:43
352,2025-06-04,역구내 사고,공덕(5)역,07:07
353,2025-06-02,역구내 사고,고속터미널(3)역,22:11
354,2025-06-02,승강설비관련,안국역,14:08
355,2025-05-31,출입문관련,건대입구(2)역,22:01
356,2025-05-31,열차내 사고,여의나루역,08:42
357,2025-05-31,출입문관련,삼각지(4)역,15:31
358,2025-05-31,역구내 사고,교대(2)역,14:05
359,2025-05-30,출입문관련,잠원역,18:42
360,2025-05-30,역구내 사고,왕십리(5)역,23:59
361,2025-05-30,승강설비관련,충무로(4)역,06:53
362,2025-05-30,역구내 사고,신당(2)역,08:50
363,2025-05-30,승강설비관련,사당(2)역,08:40
364,2025-05-30,열차내 사고,가산디지털단지(1)역,07:30
365,2025-05-29,출입문관련,삼각지(4)역,06:53
366,2025-05-28,역구내 사고,노원(4)역,17:13
367,2025-05-28,역구내 사고,마들역,20:30
368,2025-05-27,출입문관련,디지털미디어시티역,18:35
369,2025-05-27,출입문관련,구로역,18:06
370,2025-05-27,출입문관련,답십리역,09:01
371,2025-05-26,열차내 사고,동대문역사문화공원(4)역,15:36
372,2025-05-26,승강설비관련,약수(6)역,18:50
373,2025-05-26,역구내 사고,불광(3)역,15:38
374,2025-05-24,역구내 사고,구산역,00:05
375,2025-05-23,출입문관련,교대(3)역,15:08
376,2025-05-22,출입문관련,신도림역,15:49
377,2025-05-22,역구내 사고,버티고개역,08:21
378,2025-05-22,출입문관련,잠실(2)역,08:08
379,2025-05-21,열차내 사고,암사역,06:50
380,2025-05-21,발빠짐,천호(8)역,06:50
381,2025-05-21,역구내 사고,수락산역,16:37
382,2025-05-21,역구내 사고,신림역,19:53
383,2025-05-20,역구내 사고,디지털미디어시티역,20:15
384,2025-05-20,출입문관련,양재역,09:18
385,2025-05-20,역구내 사고,디지털미디어시티역,20:15
386,2025-05-20,승강설비관련,옥수역,11:30
387,2025-05-18,발빠짐,동대문역사문화공원(4)역,14:22
388,2025-05-17,출입문관련,모란역,16:46
389,2025-05-17,출입문관련,잠실(2)역,18:58
390,2025-05-17,승강설비관련,연신내(3)역,19:08
391,2025-05-16,역구내 사고,미사역,13:22
392,2025-05-16,역구내 사고,구산역,18:10
393,2025-05-16,역구내 사고,서울대입구역,12:20
394,2025-05-16,역구내 사고,영등포시장역,19:24
395,2025-05-16,출입문관련,을지로4가(2)역,08:15
396,2025-05-16,역구내 사고,동묘앞(1)역,18:18
397,2025-05-15,열차내 사고,상계역,07:38
398,2025-05-15,승강설비관련,회현역,10:15
399,2025-05-14,출입문관련,신도림역,19:48
400,2025-05-14,발빠짐,동대문역사문화공원(4)역,07:15
401,2025-05-14,역구내 사고,봉화산역,05:26
402,2025-05-14,출입문관련,성수역,18:21
403,2025-05-14,출입문관련,신림역,18:28
404,2025-05-12,열차내 사고,장승배기역,12:43
405,2025-05-12,발빠짐,충정로(2)역,18:21
406,2025-05-11,역구내 사고,가락시장(3)역,13:49
407,2025-05-10,역구내 사고,종로5가역,14:55
408,2025-05-10,열차내 사고,아차산역,14:00
409,2025-05-10,역구내 사고,창동역,09:46
410,2025-05-10,승강설비관련,노원(7)역,07:02
411,2025-05-09,역구내 사고,발산역,14:32
412,2025-05-09,열차내 사고,산성역,07:34
413,2025-05-09,승강설비관련,하남검단산역,12:13
414,2025-05-09,열차내 사고,안국역,18:00
415,2025-05-09,열차내 사고,합정(2)역,09:09
416,2025-05-09,승강설비관련,청담역,07:25
417,2025-05-08,역구내 사고,수서역,13:54
418,2025-05-08,출입문관련,가산디지털단지(7)역,11:04
419,2025-05-07,역구내 사고,뚝섬역,12:06
420,2025-05-07,발빠짐,서대문역,14:25
421,2025-05-05,열차내 사고,삼송역,14:32
422,2025-05-04,출입문관련,고속터미널(7)역,11:29
423,2025-05-04,역구내 사고,충무로(4)역,09:51
424,2025-05-02,승강설비관련,공덕(6)역,13:26
425,2025-05-02,출입문관련,충정로(5)역,14:26
426,2025-05-02,출입문관련,충무로(4)역,09:25
427,2025-05-02,출입문관련,연신내(3)역,15:48
428,2025-05-02,승강설비관련,공덕(6)역,13:26
429,2025-05-01,역구내 사고,시청(2)역,20:16
430,2025-04-29,열차내 사고,온수(7)역,11:45
431,2025-04-29,출입문관련,천호(8)역,16:20
432,2025-04-28,출입문관련,성수역,08:30
433,2025-04-26,승강설비관련,마포구청역,20:27
434,2025-04-26,출입문관련,종로3가(5)역,17:08
435,2025-04-26,역구내 사고,구로디지털단지역,10:30
436,2025-04-25,역구내 사고,양재역,21:25
437,2025-04-24,발빠짐,거여역,13:41
438,2025-04-24,출입문관련,서울(4)역,21:46
439,2025-04-24,출입문관련,서울(4)역,21:45
440,2025-04-23,열차내 사고,온수(7)역,16:30
441,2025-04-23,열차내 사고,합정(6)역,14:30
442,2025-04-23,출입문관련,양재역,17:28
443,2025-04-22,역구내 사고,봉천역,19:48
444,2025-04-22,역구내 사고,하계역,08:13
445,2025-04-22,열차내 사고,공덕(6)역,15:24
446,2025-04-22,승강설비관련,먹골역,15:16
447,2025-04-22,발빠짐,개화산역,06:51
448,2025-04-22,열차내 사고,교대(2)역,13:55
449,2025-04-22,열차내 사고,장지역,20:39
450,2025-04-22,역구내 사고,철산역,08:00
451,2025-04-21,열차내 사고,상수역,11:20
452,2025-04-21,발빠짐,고속터미널(7)역,14:52
453,2025-04-21,역구내 사고,방화역,11:35
454,2025-04-21,발빠짐,동대문역사문화공원(4)역,08:39
455,2025-04-19,발빠짐,서울(1)역,11:51
456,2025-04-19,역구내 사고,종로3가(3)역,21:44
457,2025-04-19,역구내 사고,마들역,10:54
458,2025-04-19,역구내 사고,창동역,22:57
459,2025-04-19,역구내 사고,수서역,21:44
460,2025-04-18,출입문관련,신당(2)역,07:58
461,2025-04-18,출입문관련,창동역,08:55
462,2025-04-18,발빠짐,사당(2)역,17:30
463,2025-04-17,발빠짐,동대문역사문화공원(4)역,17:33
464,2025-04-17,출입문관련,까치산(5)역,09:12
465,2025-04-16,역구내 사고,종각역,21:57
466,2025-04-16,승강설비관련,회현역,12:01
467,2025-04-16,승강설비관련,회현역,12:01
468,2025-04-15,출입문관련,여의도역,07:54
469,2025-04-15,발빠짐,고속터미널(7)역,23:50
470,2025-04-15,역구내 사고,혜화역,08:26
471,2025-04-15,열차내 사고,회룡역,10:05
472,2025-04-15,발빠짐,동대문(4)역,07:19
473,2025-04-14,승강설비관련,선릉(2)역,20:20
474,2025-04-14,출입문관련,몽촌토성역,08:23
475,2025-04-13,승강설비관련,고속터미널(3)역,07:57
476,2025-04-12,열차내 사고,동대문(4)역,22:00
477,2025-04-12,출입문관련,약수(3)역,13:55
478,2025-04-11,열차내 사고,구산역,13:54
479,2025-04-11,역구내 사고,신도림역,15:32
480,2025-04-09,출입문관련,구리역,19:15
481,2025-04-08,열차내 사고,지축역,11:33
482,2025-04-08,출입문관련,삼각지역,19:04
483,2025-04-07,역구내 사고,반포역,05:40
484,2025-04-07,역구내 사고,선릉(2)역,15:55
485,2025-04-07,출입문관련,구로디지털단지역,18:34
486,2025-04-07,발빠짐,연신내(6)역,08:31
487,2025-04-05,역구내 사고,방이역,15:16
488,2025-04-05,승강설비관련,고속터미널(3)역,05:07
489,2025-04-05,승강설비관련,신풍역,09:42
490,2025-04-04,출입문관련,발산역,00:48
491,2025-04-02,발빠짐,일원역,15:49
492,2025-04-01,출입문관련,화곡역,18:23
493,2025-03-31,출입문관련,산본역,10:45
494,2025-03-29,역구내 사고,신정네거리역,11:45
495,2025-03-29,열차내 사고,하남검단산역,14:17
496,2025-03-27,출입문관련,태릉입구역,09:35
497,2025-03-26,역구내 사고,동대문(4)역,17:19
498,2025-03-26,출입문관련,동묘앞(1)역,15:15
499,2025-03-26,열차내 사고,원당역,10:00
500,2025-03-25,역구내 사고,서초역,11:23
501,2025-03-25,출입문관련,이촌역,18:40
502,2025-03-25,출입문관련,홍대입구역,18:13
503,2025-03-23,발빠짐,신촌역,19:17
504,2025-03-22,열차내 사고,서울대입구역,13:19
505,2025-03-21,열차내 사고,반포역,06:08
506,2025-03-21,발빠짐,신길역,07:29
507,2025-03-20,열차내 사고,혜화역,10:40
508,2025-03-19,역구내 사고,응암역,10:11
509,2025-03-19,발빠짐,신촌역,21:44
510,2025-03-19,발빠짐,응암역,21:44
511,2025-03-18,열차내 사고,제4225열차,08:27
512,2025-03-18,발빠짐,합정(6)역,07:41
513,2025-03-17,역구내 사고,교대(2)역,17:31
514,2025-03-17,역구내 사고,대림(2)역,22:00
515,2025-03-15,승강설비관련,온수(7)역,11:31
516,2025-03-15,출입문관련,금정역,20:10
517,2025-03-14,역구내 사고,회현역,15:51
518,2025-03-14,출입문관련,대곡역,19:14
519,2025-03-13,역구내 사고,신당(6)역,16:10
520,2025-03-10,출입문관련,신용산역,18:42
521,2025-03-09,출입문관련,어린이대공원역,18:59
522,2025-03-09,열차내 사고,철산역,05:54
523,2025-03-08,출입문관련,수서역,09:35
524,2025-03-07,열차내 사고,시청(2)역,07:10
525,2025-03-06,출입문관련,화정역,19:06
526,2025-03-06,출입문관련,길음역,18:31
527,2025-03-06,출입문관련,발산역,08:35
528,2025-03-06,발빠짐,고속터미널(3)역,08:34
529,2025-03-05,출입문관련,삼성역,13:54
530,2025-03-05,출입문관련,영등포구청역,12:52
531,2025-03-04,발빠짐,압구정역,09:20
532,2025-03-02,역구내 사고,잠실(8)역,22:48
533,2025-03-01,승강설비관련,광흥창역,11:27
534,2025-03-01,발빠짐,회현역,16:13
535,2025-03-01,승강설비관련,온수(7)역,16:10
536,2025-03-01,역구내 사고,광화문역,14:43
537,2025-03-01,승강설비관련,합정(6)역,09:24
538,2025-03-01,열차내 사고,원당역,17:20
539,2025-02-27,열차내 사고,사당(2)역,12:05
540,2025-02-26,열차내 사고,온수(7)역,14:00
541,2025-02-26,발빠짐,동대문역사문화공원(4)역,08:14
542,2025-02-25,역구내 사고,종로3가(3)역,21:55
543,2025-02-25,역구내 사고,구로디지털단지역,12:00
544,2025-02-24,역구내 사고,서울(1)역,16:33
545,2025-02-24,역구내 사고,삼성역,18:00
546,2025-02-22,열차내 사고,구로디지털단지역,08:56
547,2025-02-22,승강설비관련,신당(6)역,10:03
548,2025-02-22,역구내 사고,합정(6)역,09:00
549,2025-02-22,승강설비관련,신당(6)역,10:03
550,2025-02-21,출입문관련,올림픽공원역,08:39
551,2025-02-19,출입문관련,강남역,18:30
552,2025-02-19,발빠짐,동대문역사문화공원(4)역,13:03
553,2025-02-18,승강설비관련,까치산(5)역,22:07
554,2025-02-18,열차내 사고,아차산역,19:48
555,2025-02-18,출입문관련,공덕역,16:38
556,2025-02-15,역구내 사고,녹사평역,21:28
557,2025-02-15,열차내 사고,광화문역,18:25
558,2025-02-15,역구내 사고,이대역,10:00
559,2025-02-15,출입문관련,오목교역,11:32
560,2025-02-15,출입문관련,오목교역,11:57
561,2025-02-15,출입문관련,혜화역,07:49
562,2025-02-14,열차내 사고,양천구청역,19:54
563,2025-02-14,출입문관련,발산역,07:52
564,2025-02-14,역구내 사고,오금(5)역,22:36
565,2025-02-14,출입문관련,왕십리(2)역,19:15
566,2025-02-14,역구내 사고,삼성역,09:07
567,2025-02-14,역구내 사고,행당역,08:49
568,2025-02-14,발빠짐,철산역,18:20
569,2025-02-14,출입문관련,천호(8)역,16:43
570,2025-02-13,발빠짐,발산역,07:31
571,2025-02-13,열차내 사고,상왕십리역,16:05
572,2025-02-13,발빠짐,철산역,18:47
573,2025-02-12,역구내 사고,청구(5)역,16:12
574,2025-02-12,출입문관련,아현역,08:14
575,2025-02-12,출입문관련,동대문역사문화공원(4)역,09:53
576,2025-02-12,역구내 사고,창신역,14:17
577,2025-02-12,발빠짐,동대문역사문화공원(4)역,09:09
578,2025-02-11,역구내 사고,오금(5)역,11:06
579,2025-02-11,열차내 사고,의왕역,17:15
580,2025-02-11,승강설비관련,합정(6)역,10:20
581,2025-02-11,열차내 사고,동대문역사문화공원(5)역,19:31
582,2025-02-11,열차내 사고,신당(2)역,14:37
583,2025-02-10,역구내 사고,상왕십리역,12:10
584,2025-02-10,출입문관련,신도림역,08:00
585,2025-02-09,역구내 사고,충정로(2)역,15:09
586,2025-02-08,역구내 사고,잠실(8)역,14:53
587,2025-02-08,역구내 사고,선릉(2)역,17:30
588,2025-02-08,열차내 사고,구파발(3)역,15:05
589,2025-02-08,출입문관련,연신내(3)역,18:14
590,2025-02-07,출입문관련,동대문역사문화공원(5)역,16:53
591,2025-02-07,승강설비관련,역삼역,08:16
592,2025-02-07,승강설비관련,까치산(5)역,08:15
593,2025-02-07,역구내 사고,시청(1)역,13:04
594,2025-02-07,승강설비관련,답십리역,10:28
595,2025-02-07,역구내 사고,상계역,06:30
596,2025-02-07,출입문관련,강동역,17:31
597,2025-02-07,열차내 사고,이촌역,11:55
598,2025-02-06,승강설비관련,우장산역,22:05
599,2025-02-06,발빠짐,제기동역,16:50
600,2025-02-06,승강설비관련,하남풍산역,18:03
601,2025-02-06,역구내 사고,건대입구(7)역,21:22
602,2025-02-06,발빠짐,동대문역사문화공원(2)역,18:42
603,2025-02-06,승강설비관련,사당(4)역,23:11
604,2025-02-05,승강설비관련,역삼역,08:56
605,2025-02-05,열차내 사고,여의도역,18:26
606,2025-02-04,출입문관련,서울(4)역,21:52
607,2025-02-04,승강설비관련,성신여대입구역,14:50
608,2025-02-04,역구내 사고,안국역,15:12
609,2025-02-04,발빠짐,마포역,18:26
610,2025-02-03,열차내 사고,종로5가역,09:55
611,2025-02-03,출입문관련,성수역,14:15
612,2025-02-02,승강설비관련,신대방삼거리역,09:29
613,2025-02-02,열차내 사고,신풍역,13:46
614,2025-02-01,역구내 사고,구로디지털단지역,12:36
615,2025-02-01,역구내 사고,사당(4)역,08:41
616,2025-02-01,역구내 사고,고덕역,10:56
617,2025-01-31,역구내 사고,장승배기역,08:56
618,2025-01-31,역구내 사고,버티고개역,20:40
619,2025-01-31,발빠짐,서대문역,17:37
620,2025-01-30,승강설비관련,고속터미널(3)역,16:19
621,2025-01-29,승강설비관련,단대오거리역,17:56
622,2025-01-28,승강설비관련,군자(5)역,00:08
623,2025-01-27,승강설비관련,봉화산역,10:19
624,2025-01-27,출입문관련,동대문역사문화공원(5)역,18:40
625,2025-01-25,열차내 사고,코레일 이첩,16:30
626,2025-01-25,발빠짐,서울(4)역,16:21
627,2025-01-25,발빠짐,발산역,16:19
628,2025-01-25,출입문관련,장한평역,11:43
629,2025-01-23,열차내 사고,강동역,15:25
630,2025-01-23,출입문관련,건대입구(7)역,21:30
631,2025-01-23,출입문관련,건대입구(2)역,17:41
632,2025-01-21,발빠짐,서울대입구역,17:50
633,2025-01-20,열차내 사고,온수(7)역,06:49
634,2025-01-20,역구내 사고,옥수역,10:15
635,2025-01-20,출입문관련,약수(3)역,17:20
636,2025-01-18,발빠짐,충정로(2)역,16:20
637,2025-01-18,출입문관련,선릉(2)역,14:25
638,2025-01-17,역구내 사고,선릉(2)역,22:45
639,2025-01-16,열차내 사고,사당(4)역,15:43
640,2025-01-16,역구내 사고,합정(6)역,08:10
641,2025-01-16,승강설비관련,불광(6)역,07:32
642,2025-01-16,역구내 사고,양천구청역,09:39
643,2025-01-15,열차내 사고,군자(5)역,08:30
644,2025-01-14,역구내 사고,대림역,08:22
645,2025-01-13,출입문관련,천호(8)역,08:13
646,2025-01-12,역구내 사고,제기동역,15:46
647,2025-01-11,열차내 사고,서울대입구역,17:20
648,2025-01-10,승강설비관련,청량리역,17:03
649,2025-01-10,출입문관련,노원(4)역,08:09
650,2025-01-10,역구내 사고,합정(6)역,07:28
651,2025-01-10,승강설비관련,오금(3)역,16:52
652,2025-01-08,역구내 사고,문래역,19:30
653,2025-01-08,역구내 사고,신대방역,22:25
654,2025-01-08,발빠짐,동대문역사문화공원(2)역,08:44
655,2025-01-08,열차내 사고,공덕역,08:20
656,2025-01-05,역구내 사고,신대방역,07:50
657,2025-01-03,역구내 사고,학동역,09:10
658,2025-01-02,역구내 사고,여의나루역,11:49
659,2025-01-02,열차내 사고,대림(2)역,18:14
660,2024-12-31,역구내 사고,뚝섬역,15:50
661,2024-12-31,출입문관련,올림픽공원역,15:44
662,2024-12-30,역구내 사고,신풍역,09:37
663,2024-12-30,승강설비관련,제기동역,10:28
664,2024-12-28,승강설비관련,하남풍산역,05:27
665,2024-12-28,열차내 사고,서대문역,18:26
666,2024-12-28,출입문관련,약수(3)역,17:14
667,2024-12-28,출입문관련,동대문역사문화공원(2)역,12:30
668,2024-12-27,발빠짐,동대문역사문화공원(4)역,13:25
669,2024-12-27,역구내 사고,옥수역,18:07
670,2024-12-26,승강설비관련,경복궁역,06:43
671,2024-12-26,열차내 사고,상도역,15:01
672,2024-12-26,역구내 사고,남성역,05:49
673,2024-12-25,발빠짐,동대문역사문화공원(4)역,13:54
674,2024-12-24,출입문관련,잠실새내역,13:40
675,2024-12-23,출입문관련,서울(4)역,19:56
676,2024-12-21,출입문관련,화곡역,11:00
677,2024-12-21,열차내 사고,가락시장(8)역,18:50
678,2024-12-21,기타,지축역,18:43
679,2024-12-21,출입문관련,고속터미널(3)역,11:26
680,2024-12-20,출입문관련,고덕역,17:13
681,2024-12-19,열차내 사고,둔촌동역,20:37
682,2024-12-19,발빠짐,잠실(8)역,19:42
683,2024-12-18,발빠짐,종합운동장역,07:44
684,2024-12-18,열차내 사고,오목교역,18:24
685,2024-12-18,출입문관련,장지역,06:26
686,2024-12-18,출입문관련,동대문역사문화공원(4)역,15:29
687,2024-12-17,역구내 사고,명동역,20:10
688,2024-12-17,출입문관련,사당(2)역,13:33
689,2024-12-16,출입문관련,올림픽공원역,21:04
690,2024-12-16,출입문관련,상봉역,17:40
691,2024-12-16,역구내 사고,광명사거리역,12:42
692,2024-12-16,출입문관련,강동역,18:46
693,2024-12-15,발빠짐,동대문역사문화공원(4)역,13:08
694,2024-12-14,역구내 사고,철산역,20:51
695,2024-12-13,출입문관련,고속터미널(7)역,18:18
696,2024-12-13,역구내 사고,잠원역,22:05
697,2024-12-12,열차내 사고,남한산성입구역,08:25
698,2024-12-12,열차내 사고,문정역,08:23
699,2024-12-12,열차내 사고,자양역,08:25
700,2024-12-11,역구내 사고,한성대입구역,11:12
701,2024-12-11,출입문관련,오목교역,17:15
702,2024-12-11,발빠짐,합정(6)역,08:46
703,2024-12-10,출입문관련,구로역,18:54
704,2024-12-10,열차내 사고,이수(4)역,10:11
705,2024-12-09,출입문관련,회현역,19:07
706,2024-12-09,출입문관련,평촌역,16:59
707,2024-12-09,역구내 사고,잠실(2)역,05:57
708,2024-12-09,출입문관련,숭실대입구역,08:20
709,2024-12-08,출입문관련,청담역,11:08
710,2024-12-07,기타,고속터미널(3)역,08:54
711,2024-12-07,승강설비관련,시청(2)역,20:16
712,2024-12-06,역구내 사고,온수역,21:47
713,2024-12-06,발빠짐,종로3가(3)역,16:58
714,2024-12-06,발빠짐,발산역,15:19
715,2024-12-06,역구내 사고,회현역,07:31
716,2024-12-06,출입문관련,제기동역,14:18
717,2024-12-06,역구내 사고,월곡역,14:10
718,2024-12-05,승강설비관련,합정(6)역,19:22
719,2024-12-05,출입문관련,구로역,18:54
720,2024-12-05,출입문관련,답십리역,11:18
721,2024-12-04,역구내 사고,신도림역,14:20
722,2024-12-04,발빠짐,성신여대입구역,20:52
723,2024-12-04,출입문관련,동대문(4)역,11:28
724,2024-12-03,발빠짐,동대문역사문화공원(5)역,22:19
725,2024-12-03,출입문관련,고속터미널(3)역,15:10
726,2024-12-02,열차내 사고,시청(2)역,08:35
727,2024-12-02,발빠짐,압구정역,18:17
728,2024-12-02,열차내 사고,강변역,08:25
729,2024-12-02,발빠짐,신사역,20:00
730,2024-12-02,열차내 사고,을지로입구역,11:14
731,2024-12-01,발빠짐,발산역,22:23
732,2024-11-30,역구내 사고,청담역,23:50
733,2024-11-30,출입문관련,남부터미널역,13:30
734,2024-11-29,역구내 사고,역삼(2)역,06:00
735,2024-11-29,역구내 사고,구의역,18:09
736,2024-11-29,승강설비관련,삼성역,09:33
737,2024-11-29,승강설비관련,노원(4)역,11:31
738,2024-11-28,역구내 사고,양천구청역,06:53
739,2024-11-28,역구내 사고,온수(7)역,07:45
740,2024-11-28,역구내 사고,한성대입구역,11:43
741,2024-11-28,출입문관련,불광(3)역,13:03
742,2024-11-27,출입문관련,무악재역,08:04
743,2024-11-27,발빠짐,철산역,07:54
744,2024-11-27,열차내 사고,왕십리(5)역,08:09
745,2024-11-27,승강설비관련,수서역,15:01
746,2024-11-27,승강설비관련,역삼역,18:04
747,2024-11-27,승강설비관련,몽촌토성역,08:16
748,2024-11-26,승강설비관련,약수(6)역,16:31
749,2024-11-26,열차내 사고,건대입구(7)역,17:25
750,2024-11-26,열차내 사고,화곡역,19:34
751,2024-11-26,열차내 사고,자양역,17:01
752,2024-11-26,기타,노원(4)역,07:15
753,2024-11-26,역구내 사고,명일역,11:53
754,2024-11-25,발빠짐,고속터미널(7)역,12:59
755,2024-11-23,출입문관련,홍대입구역,17:53
756,2024-11-23,역구내 사고,종로3가(5)역,21:43
757,2024-11-23,승강설비관련,종로3가(1)역,14:06
758,2024-11-23,출입문관련,매봉역,08:16
759,2024-11-23,발빠짐,철산역,09:09
760,2024-11-23,출입문관련,송파역,10:13
761,2024-11-22,발빠짐,압구정역,18:12
762,2024-11-22,발빠짐,경복궁역,18:59
763,2024-11-22,발빠짐,철산역,09:27
764,2024-11-21,열차내 사고,마곡역,14:32
765,2024-11-20,발빠짐,합정(6)역,08:06
766,2024-11-19,출입문관련,올림픽공원역,12:54
767,2024-11-19,역구내 사고,동대문(4)역,12:30
768,2024-11-17,출입문관련,중앙역,15:57
769,2024-11-16,열차내 사고,중계역,16:38
770,2024-11-16,발빠짐,고속터미널(7)역,16:38
771,2024-11-16,출입문관련,미아역,11:38
772,2024-11-15,열차내 사고,구로디지털단지역,17:50
773,2024-11-15,열차내 사고,구로디지털단지역,17:50
774,2024-11-14,출입문관련,이수(4)역,17:53
775,2024-11-14,열차내 사고,대림(7)역,17:45
776,2024-11-14,출입문관련,창동역,18:00
777,2024-11-14,출입문관련,천호(5)역,08:38
778,2024-11-12,출입문관련,동대입구역,18:21
779,2024-11-12,출입문관련,미아사거리역,09:42
780,2024-11-12,열차내 사고,삼성역,09:10
781,2024-11-12,출입문관련,미아사거리역,21:29
782,2024-11-12,출입문관련,길동역,18:50
783,2024-11-11,역구내 사고,약수(6)역,07:33
784,2024-11-09,출입문관련,석촌역,17:30
785,2024-11-09,승강설비관련,고속터미널(3)역,18:07
786,2024-11-08,열차내 사고,까치산(5)역,20:52
787,2024-11-08,출입문관련,서울대입구역,08:26
788,2024-11-07,출입문관련,천호(8)역,17:57
789,2024-11-06,발빠짐,회현역,10:33
790,2024-11-05,열차내 사고,대림(2)역,18:35
791,2024-11-05,승강설비관련,까치산(5)역,14:56
792,2024-11-05,역구내 사고,충무로(3)역,14:45
793,2024-11-05,승강설비관련,까치산(5)역,14:56
794,2024-11-04,발빠짐,동대문역사문화공원(4)역,18:40
795,2024-11-04,역구내 사고,문래역,13:35
796,2024-11-03,역구내 사고,오금(5)역,12:06
797,2024-11-02,출입문관련,신당(2)역,15:08
798,2024-11-02,발빠짐,수서역,11:31
799,2024-11-01,출입문관련,군자(5)역,16:33
800,2024-11-01,출입문관련,신림역,17:17
801,2024-11-01,역구내 사고,이대역,07:36
802,2024-10-31,역구내 사고,신답역,12:45
803,2024-10-31,출입문관련,사당(4)역,16:57
804,2024-10-31,열차내 사고,장암역,08:38
805,2024-10-30,열차내 사고,신대방삼거리역,08:30
806,2024-10-30,출입문관련,잠실(2)역,17:48
807,2024-10-29,승강설비관련,수서역,12:43
808,2024-10-26,역구내 사고,왕십리(2)역,00:56
809,2024-10-26,출입문관련,강동역,11:26
810,2024-10-25,발빠짐,압구정역,15:57
811,2024-10-25,출입문관련,교대(2)역,09:50
812,2024-10-24,출입문관련,영등포구청(2)역,17:35
813,2024-10-24,출입문관련,미아역,16:43
814,2024-10-23,열차내 사고,일원역,10:10
815,2024-10-23,역구내 사고,굽은다리역,13:24
816,2024-10-22,역구내 사고,남부터미널역,08:55
817,2024-10-22,역구내 사고,시청(1)역,17:11
818,2024-10-22,열차내 사고,도봉산(7)역,06:13
819,2024-10-22,발빠짐,무악재역,08:46
820,2024-10-21,출입문관련,강변역,12:28
821,2024-10-21,승강설비관련,약수(6)역,15:20
822,2024-10-20,열차내 사고,사당(4)역,10:58
823,2024-10-19,역구내 사고,수락산역,14:08
824,2024-10-19,발빠짐,충무로(3)역,23:29
825,2024-10-19,역구내 사고,청량리역,18:20
826,2024-10-19,열차내 사고,장자호수공원역,10:35
827,2024-10-19,승강설비관련,남성역,17:42
828,2024-10-18,역구내 사고,이대역,12:40
829,2024-10-18,역구내 사고,을지로3가(3)역,10:52
830,2024-10-18,열차내 사고,올림픽공원역,18:13
831,2024-10-18,출입문관련,구파발(3)역,16:27
832,2024-10-18,출입문관련,군자(5)역,07:46
833,2024-10-18,열차내 사고,석촌역,16:47
834,2024-10-18,출입문관련,동대문역사문화공원(5)역,18:37
835,2024-10-18,열차내 사고,오목교역,18:47
836,2024-10-17,발빠짐,사가정역,08:22
837,2024-10-16,출입문관련,을지로입구역,12:35
838,2024-10-15,발빠짐,발산역,16:17
839,2024-10-15,출입문관련,천호(5)역,12:08
840,2024-10-15,출입문관련,홍대입구역,08:37
841,2024-10-15,발빠짐,시청(2)역,18:59
842,2024-10-14,발빠짐,당산역,08:01
843,2024-10-14,발빠짐,면목역,07:52
844,2024-10-14,역구내 사고,잠원역,07:26
845,2024-10-14,출입문관련,혜화역,16:56
846,2024-10-12,출입문관련,동대입구역,16:42
847,2024-10-12,발빠짐,여의나루역,22:00
848,2024-10-12,출입문관련,숙대입구역,10:05
849,2024-10-11,출입문관련,답십리역,15:25
850,2024-10-11,출입문관련,종로3가(5)역,15:25
851,2024-10-11,열차내 사고,불광(3)역,13:02
852,2024-10-11,열차내 사고,역삼역,12:18
853,2024-10-10,출입문관련,신대방역,12:53
854,2024-10-10,발빠짐,연신내(6)역,16:46
855,2024-10-09,출입문관련,천호(5)역,09:56
856,2024-10-08,승강설비관련,잠실나루역,11:32
857,2024-10-08,출입문관련,하남시청역,17:04
858,2024-10-06,역구내 사고,동작역,22:34
859,2024-10-05,발빠짐,성신여대입구역,18:04
860,2024-10-04,역구내 사고,고속터미널(3)역,16:27
861,2024-10-04,역구내 사고,충무로(4)역,15:09
862,2024-10-03,역구내 사고,서초역,16:20
863,2024-10-02,출입문관련,가산디지털단지(7)역,18:31
864,2024-10-02,출입문관련,신정네거리역,09:08
865,2024-10-01,발빠짐,성신여대입구역,15:50
866,2024-09-30,열차내 사고,구파발(3)역,09:16
867,2024-09-30,출입문관련,미아역,16:53
868,2024-09-29,출입문관련,종로3가(3)역,13:59
869,2024-09-29,열차내 사고,오금(3)역,12:47
870,2024-09-28,출입문관련,사당(2)역,17:55
871,2024-09-27,승강설비관련,경찰병원역,11:51
872,2024-09-26,열차내 사고,경복궁역,22:36
873,2024-09-26,출입문관련,수서역,18:17
874,2024-09-24,발빠짐,서울(1)역,06:29
875,2024-09-24,열차내 사고,마곡역,13:26
876,2024-09-23,출입문관련,강동역,09:26
877,2024-09-23,열차내 사고,동대문역사문화공원(2)역,08:20
878,2024-09-23,출입문관련,목동역,16:54
879,2024-09-23,역구내 사고,안국역,15:00
880,2024-09-22,역구내 사고,강남역,18:14
881,2024-09-21,열차내 사고,천호(5)역,08:35
882,2024-09-21,출입문관련,충무로(4)역,18:27
883,2024-09-20,출입문관련,서울대입구역,18:19
884,2024-09-17,역구내 사고,불암산역,22:40
885,2024-09-17,역구내 사고,신설동(2)역,13:33
886,2024-09-15,출입문관련,가산디지털단지(7)역,16:40
887,2024-09-14,기타,토목사업소,14:00
888,2024-09-14,출입문관련,장암역,19:48
889,2024-09-13,발빠짐,화곡역,17:37
890,2024-09-13,열차내 사고,학여울역,17:33
891,2024-09-13,열차내 사고,시청(1)역,18:30
892,2024-09-12,열차내 사고,양평역,07:14
893,2024-09-12,역구내 사고,연신내(3)역,09:45
894,2024-09-12,출입문관련,종로3가(1)역,17:09
895,2024-09-11,열차내 사고,잠실새내역,14:20
896,2024-09-11,발빠짐,동대문역사문화공원(5)역,23:10
897,2024-09-11,출입문관련,이수(4)역,17:34
898,2024-09-11,발빠짐,신촌역,17:03
899,2024-09-11,출입문관련,철산역,08:36
900,2024-09-10,역구내 사고,상봉역,08:10
901,2024-09-10,열차내 사고,상봉역,08:30
902,2024-09-10,승강설비관련,신림역,15:31
903,2024-09-09,출입문관련,을지로3가(2)역,22:19
904,2024-09-07,출입문관련,신도림역,16:48
905,2024-09-07,발빠짐,신촌역,23:18
906,2024-09-07,출입문관련,오목교역,17:49
907,2024-09-07,출입문관련,오목교역,17:49
908,2024-09-07,열차내 사고,합정(2)역,13:43
909,2024-09-07,출입문관련,오목교역,17:49
910,2024-09-06,발빠짐,동대문역사문화공원(4)역,17:47
911,2024-09-05,열차내 사고,모란역,14:49
912,2024-09-05,열차내 사고,봉천역,09:24
913,2024-09-04,출입문관련,건대입구(7)역,10:32
914,2024-09-04,열차내 사고,제기동역,10:32
915,2024-09-03,역구내 사고,건대입구(7)역,06:02
916,2024-08-30,출입문관련,혜화역,06:19
917,2024-08-30,출입문관련,홍대입구역,16:30
918,2024-08-29,승강설비관련,교대(3)역,17:29
919,2024-08-29,출입문관련,교대(2)역,14:42
920,2024-08-28,열차내 사고,매봉역,07:44
921,2024-08-28,출입문관련,왕십리(2)역,16:03
922,2024-08-28,출입문관련,중계역,17:50
923,2024-08-28,출입문관련,중곡역,17:31
924,2024-08-28,발빠짐,합정(6)역,08:28
925,2024-08-27,열차내 사고,마포구청역,09:28
926,2024-08-27,출입문관련,남부터미널역,14:44
927,2024-08-27,승강설비관련,강남구청역,18:19
928,2024-08-26,역구내 사고,신촌역,02:00
929,2024-08-26,승강설비관련,안국역,09:57
930,2024-08-26,출입문관련,남구로역,15:21
931,2024-08-26,출입문관련,서울(1)역,14:50
932,2024-08-24,발빠짐,신촌역,20:17
933,2024-08-23,역구내 사고,약수(3)역,08:22
934,2024-08-23,역구내 사고,천호(5)역,18:28
935,2024-08-23,발빠짐,고속터미널(7)역,15:01
936,2024-08-22,열차내 사고,왕십리(2)역,14:00
937,2024-08-22,승강설비관련,고속터미널(7)역,16:17
938,2024-08-21,승강설비관련,노원(4)역,12:12
939,2024-08-21,기타,천호(5)역,10:05
940,2024-08-21,역구내 사고,녹번역,08:40
941,2024-08-21,출입문관련,발산역,13:36
942,2024-08-21,승강설비관련,청담역,06:25
943,2024-08-21,역구내 사고,목동역,14:46
944,2024-08-20,열차내 사고,잠실(2)역,18:32
945,2024-08-20,출입문관련,약수(3)역,12:25
946,2024-08-20,출입문관련,교대(3)역,18:32
947,2024-08-20,출입문관련,잠실새내역,18:46
948,2024-08-20,열차내 사고,굽은다리역,22:27
949,2024-08-19,출입문관련,대방역,15:34
950,2024-08-19,출입문관련,중동역,12:25
951,2024-08-19,역구내 사고,시청(2)역,18:02
952,2024-08-19,발빠짐,경복궁역,07:57
953,2024-08-18,출입문관련,회현역,15:40
954,2024-08-18,역구내 사고,태릉입구역,11:30
955,2024-08-18,출입문관련,구로디지털단지역,10:08
956,2024-08-18,발빠짐,동대문역사문화공원(4)역,17:12
957,2024-08-16,열차내 사고,고속터미널(3)역,08:50
958,2024-08-16,출입문관련,발산역,08:02
959,2024-08-16,출입문관련,하남시청역,18:55
960,2024-08-15,출입문관련,교대(3)역,19:58
961,2024-08-14,출입문관련,화곡역,11:39
962,2024-08-14,출입문관련,명일역,15:24
963,2024-08-13,출입문관련,약수(3)역,09:29
964,2024-08-13,출입문관련,이수(7)역,15:32
965,2024-08-13,출입문관련,신당(2)역,08:30
966,2024-08-12,열차내 사고,여의나루역,18:37
967,2024-08-10,열차내 사고,청구(5)역,11:51
968,2024-08-10,출입문관련,광화문역,15:12
969,2024-08-10,출입문관련,창동역,09:25
970,2024-08-09,승강설비관련,공덕(6)역,07:57
971,2024-08-09,승강설비관련,성수역,18:15
972,2024-08-09,열차내 사고,종로3가(3)역,08:39
973,2024-08-09,출입문관련,올림픽공원역,13:37
974,2024-08-09,승강설비관련,건대입구(7)역,16:26
975,2024-08-09,승강설비관련,충정로(2)역,08:46
976,2024-08-07,열차내 사고,성수역,16:14
977,2024-08-03,출입문관련,천호(5)역,11:35
978,2024-08-02,승강설비관련,청량리역,09:24
979,2024-08-02,출입문관련,봉화산역,09:36
980,2024-08-01,역구내 사고,신당(6)역,21:30
981,2024-08-01,발빠짐,경찰병원역,15:04
982,2024-08-01,발빠짐,종합운동장역,17:16
983,2024-07-31,출입문관련,이수(4)역,15:54
984,2024-07-31,출입문관련,이수(4)역,15:54
985,2024-07-31,출입문관련,노원(4)역,18:56
986,2024-07-31,출입문관련,길동역,20:49
987,2024-07-30,역구내 사고,공덕역,18:21
988,2024-07-29,발빠짐,을지로4가(2)역,08:12
989,2024-07-29,출입문관련,종로5가역,14:33
990,2024-07-28,발빠짐,동대문(4)역,10:34
991,2024-07-27,승강설비관련,사가정역,16:18
992,2024-07-27,출입문관련,을지로4가(2)역,15:37
993,2024-07-26,발빠짐,동대문역사문화공원(4)역,11:43
994,2024-07-26,출입문관련,상일동역,12:01
995,2024-07-26,역구내 사고,청담역,16:56
996,2024-07-26,역구내 사고,온수(7)역,16:56
997,2024-07-25,출입문관련,쌍문역,19:33
998,2024-07-25,열차내 사고,안국역,12:14
999,2024-07-25,출입문관련,군자(5)역,14:43
1000,2024-07-25,출입문관련,구파발(3)역,15:10
1001,2024-07-25,역구내 사고,건대입구(2)역,07:55
1002,2024-07-23,출입문관련,신길역,17:48
1003,2024-07-22,승강설비관련,하계역,15:19
1004,2024-07-22,출입문관련,코레일,19:04
1005,2024-07-22,역구내 사고,온수(7)역,12:44
1006,2024-07-22,열차내 사고,동인천역,14:15
1007,2024-07-22,출입문관련,신도림역,07:33
1008,2024-07-22,출입문관련,강동역,08:09
1009,2024-07-22,발빠짐,고속터미널(7)역,21:20
1010,2024-07-21,출입문관련,방화역,19:50
1011,2024-07-21,출입문관련,청량리역,14:29
1012,2024-07-21,출입문관련,잠실(2)역,19:17
1013,2024-07-21,승강설비관련,서울(4)역,10:46
1014,2024-07-20,역구내 사고,건대입구(2)역,14:46
1015,2024-07-20,역구내 사고,녹번역,14:20
1016,2024-07-20,열차내 사고,상계역,17:44
1017,2024-07-19,출입문관련,신용산역,08:00
1018,2024-07-19,열차내 사고,문정역,11:55
1019,2024-07-19,역구내 사고,신대방삼거리역,16:00
1020,2024-07-19,발빠짐,충정로(5)역,13:35
1021,2024-07-19,출입문관련,군자(5)역,20:04
1022,2024-07-19,열차내 사고,대흥역,07:41
1023,2024-07-19,출입문관련,애오개역,18:56
1024,2024-07-19,열차내 사고,교대(3)역,14:39
1025,2024-07-19,출입문관련,연신내(3)역,19:02
1026,2024-07-19,출입문관련,교대(3)역,22:13
1027,2024-07-19,역구내 사고,내방역,14:11
1028,2024-07-18,열차내 사고,종로3가(3)역,08:13
1029,2024-07-18,역구내 사고,아차산역,08:57
1030,2024-07-18,승강설비관련,양재역,15:00
1031,2024-07-18,출입문관련,사당(2)역,14:40
1032,2024-07-17,열차내 사고,남성역,12:41
1033,2024-07-17,역구내 사고,길동역,08:20
1034,2024-07-17,출입문관련,이수(4)역,12:20
1035,2024-07-17,역구내 사고,길동역,08:20
1036,2024-07-16,열차내 사고,천호(8)역,18:26
1037,2024-07-16,출입문관련,방화역,08:06
1038,2024-07-16,발빠짐,고속터미널(3)역,18:30
1039,2024-07-16,출입문관련,미아사거리역,12:19
1040,2024-07-15,승강설비관련,천왕역,13:30
1041,2024-07-15,출입문관련,철산역,12:16
1042,2024-07-15,역구내 사고,역삼역,15:58
1043,2024-07-13,출입문관련,공덕(5)역,05:52
1044,2024-07-13,출입문관련,봉화산역,10:11
1045,2024-07-12,승강설비관련,영등포구청(5)역,08:30
1046,2024-07-11,역구내 사고,상일동역,09:24
1047,2024-07-11,출입문관련,사가정역,16:44
1048,2024-07-10,출입문관련,삼각지(4)역,09:11
1049,2024-07-10,출입문관련,혜화역,18:36
1050,2024-07-09,열차내 사고,상일동역,08:45
1051,2024-07-09,승강설비관련,숭실대입구역,14:06
1052,2024-07-09,출입문관련,남한산성입구역,16:05
1053,2024-07-08,출입문관련,상봉역,21:08
1054,2024-07-08,승강설비관련,선릉역,18:50
1055,2024-07-08,승강설비관련,사가정역,15:31
1056,2024-07-08,역구내 사고,동대문역사문화공원(4)역,11:19
1057,2024-07-08,승강설비관련,청담역,16:33
1058,2024-07-06,역구내 사고,낙성대역,01:00
1059,2024-07-06,출입문관련,거여역,13:43
1060,2024-07-06,출입문관련,강남역,11:09
1061,2024-07-05,역구내 사고,철산역,22:56
1062,2024-07-05,열차내 사고,양재역,09:24
1063,2024-07-05,역구내 사고,합정(6)역,07:14
1064,2024-07-05,출입문관련,천왕역,12:45
1065,2024-07-05,역구내 사고,역삼역,05:28
1066,2024-07-05,발빠짐,고속터미널(7)역,19:52
1067,2024-07-04,출입문관련,몽촌토성역,15:40
1068,2024-07-04,출입문관련,대림(7)역,11:08
1069,2024-07-03,역구내 사고,봉천역,13:47
1070,2024-07-03,열차내 사고,강남구청역,18:45
1071,2024-07-02,출입문관련,동대문역사문화공원(2)역,13:45
1072,2024-07-02,발빠짐,회현역,19:39
1073,2024-07-02,출입문관련,애오개역,17:55
1074,2024-07-01,출입문관련,혜화역,15:09
1075,2024-07-01,출입문관련,잠실(2)역,18:17
1076,2024-07-01,출입문관련,화정역,15:39
1077,2024-07-01,역구내 사고,청량리역,17:46
1078,2024-06-30,열차내 사고,불광(6)역,19:15
1079,2024-06-30,역구내 사고,압구정역,07:55
1080,2024-06-30,기타,토목,21:10
1081,2024-06-29,열차내 사고,강변역,23:07
1082,2024-06-29,출입문관련,선릉역,15:14
1083,2024-06-29,발빠짐,김포공항역,23:48
1084,2024-06-28,출입문관련,서울(4)역,13:19
1085,2024-06-28,출입문관련,서울(4)역,13:19
1086,2024-06-27,출입문관련,코레일,17:36
1087,2024-06-27,출입문관련,먹골역,09:44
1088,2024-06-26,출입문관련,보라매역,08:00
1089,2024-06-26,역구내 사고,봉천역,23:15
1090,2024-06-26,출입문관련,광명사거리역,08:00
1091,2024-06-26,출입문관련,교대(3)역,21:34
1092,2024-06-26,발빠짐,동대문역사문화공원(4)역,15:48
1093,2024-06-26,열차내 사고,보라매역,16:14
1094,2024-06-25,열차내 사고,목동역,00:00
1095,2024-06-25,열차내 사고,목동역,18:11
1096,2024-06-25,열차내 사고,하남검단산역,19:34
1097,2024-06-25,출입문관련,노원(4)역,18:30
1098,2024-06-25,기타,동작터널,18:55
1099,2024-06-25,승강설비관련,옥수역,16:37
1100,2024-06-24,출입문관련,이수(4)역,08:44
1101,2024-06-24,출입문관련,남구로역,08:29
1102,2024-06-23,역구내 사고,온수(7)역,10:08
1103,2024-06-23,발빠짐,신촌역,22:56
1104,2024-06-21,열차내 사고,화곡역,18:23
1105,2024-06-21,역구내 사고,교대(2)역,15:00
1106,2024-06-21,열차내 사고,명동역,07:55
1107,2024-06-21,출입문관련,천호(5)역,13:07
1108,2024-06-20,출입문관련,몽촌토성역,09:25
1109,2024-06-19,출입문관련,천호(5)역,13:09
1110,2024-06-19,기타,둔촌동역,09:00
1111,2024-06-19,출입문관련,천호(8)역,12:11
1112,2024-06-19,출입문관련,거여역,08:07
1113,2024-06-18,열차내 사고,신도림역,19:41
1114,2024-06-17,출입문관련,공덕(5)역,16:24
1115,2024-06-17,출입문관련,상계역,08:15
1116,2024-06-17,출입문관련,강남역,09:52
1117,2024-06-16,발빠짐,충무로(3)역,17:06
1118,2024-06-14,출입문관련,불광(3)역,14:26
1119,2024-06-13,출입문관련,미아사거리역,15:30
1120,2024-06-13,승강설비관련,동대문(4)역,17:43
1121,2024-06-12,출입문관련,행당역,14:34
1122,2024-06-11,열차내 사고,역삼역,11:31
1123,2024-06-11,역구내 사고,가락시장(8)역,07:30
1124,2024-06-10,역구내 사고,연신내(6)역,12:41
1125,2024-06-10,출입문관련,단대오거리역,18:22
1126,2024-06-09,역구내 사고,시청(2)역,23:43
1127,2024-06-09,승강설비관련,문정역,09:42
1128,2024-06-08,승강설비관련,중곡역,10:45
1129,2024-06-08,출입문관련,군자(5)역,09:00
1130,2024-06-08,출입문관련,상일동역,20:01
1131,2024-06-05,열차내 사고,수서역,11:30
1132,2024-06-05,열차내 사고,동대문(4)역,17:36
1133,2024-06-04,역구내 사고,신도림역,13:50
1134,2024-06-04,승강설비관련,고속터미널(3)역,14:58
1135,2024-06-04,승강설비관련,상수역,17:43
1136,2024-06-04,역구내 사고,효창공원앞역,14:09
1137,2024-06-04,출입문관련,강남역,07:57
1138,2024-06-03,출입문관련,공릉역,15:39
1139,2024-06-03,출입문관련,충무로(4)역,19:50
1140,2024-06-01,역구내 사고,일원역,22:00
1141,2024-06-01,열차내 사고,압구정역,15:10
1142,2024-05-31,출입문관련,광흥창역,08:33
1143,2024-05-31,출입문관련,회현역,15:35
1144,2024-05-30,출입문관련,한성대입구역,07:29
1145,2024-05-30,역구내 사고,노원(4)역,15:59
1146,2024-05-30,발빠짐,동대문역사문화공원(4)역,17:56
1147,2024-05-30,역구내 사고,혜화역,23:42
1148,2024-05-30,열차내 사고,매봉역,18:21
1149,2024-05-30,발빠짐,고속터미널(7)역,10:44
1150,2024-05-28,열차내 사고,성신여대입구역,08:37
1151,2024-05-28,열차내 사고,낙성대역,14:58
1152,2024-05-28,열차내 사고,제5620열차,17:28
1153,2024-05-27,열차내 사고,도봉산(7)역,18:05
1154,2024-05-25,열차내 사고,군자(5)역,11:08
1155,2024-05-25,출입문관련,남한산성입구역,12:05
1156,2024-05-24,출입문관련,천호(5)역,09:26
1157,2024-05-24,역구내 사고,불광(3)역,12:10
1158,2024-05-24,역구내 사고,강변역,08:11
1159,2024-05-23,출입문관련,천호(8)역,08:09
1160,2024-05-23,발빠짐,동대문(4)역,21:25
1161,2024-05-22,출입문관련,창동역,14:39
1162,2024-05-21,출입문관련,신금호역,17:57
1163,2024-05-21,열차내 사고,동대문(4)역,22:15
1164,2024-05-20,역구내 사고,동대문역사문화공원(2)역,14:42
1165,2024-05-20,출입문관련,을지로입구역,10:36
1166,2024-05-19,역구내 사고,대림(2)역,16:29
1167,2024-05-18,출입문관련,홍대입구역,20:15
1168,2024-05-18,출입문관련,대화역,15:50
1169,2024-05-17,출입문관련,건대입구(2)역,12:15
1170,2024-05-17,발빠짐,성신여대입구역,15:04
1171,2024-05-17,출입문관련,천호(5)역,16:53
1172,2024-05-14,출입문관련,교대(3)역,18:05
1173,2024-05-14,열차내 사고,오목교역,17:33
1174,2024-05-14,열차내 사고,문정역,08:14
1175,2024-05-14,출입문관련,군자(5)역,18:10
1176,2024-05-14,출입문관련,까치산(5)역,22:50
1177,2024-05-13,출입문관련,고덕역,07:36
1178,2024-05-13,역구내 사고,가산디지털단지(7)역,23:02
1179,2024-05-12,출입문관련,약수(3)역,10:21
1180,2024-05-10,열차내 사고,제7083열차,08:30
1181,2024-05-10,출입문관련,뚝섬역,11:45
1182,2024-05-10,열차내 사고,서초역,15:25
1183,2024-05-09,출입문관련,사당(2)역,10:23
1184,2024-05-09,출입문관련,선릉역,10:55
1185,2024-05-08,역구내 사고,신답역,08:40
1186,2024-05-08,열차내 사고,청량리역,08:40
1187,2024-05-08,출입문관련,청구(5)역,17:20
1188,2024-05-08,발빠짐,성신여대입구역,14:00
1189,2024-05-08,역구내 사고,천호(8)역,15:50
1190,2024-05-07,열차내 사고,부평역,22:45
1191,2024-05-07,출입문관련,강동역,08:15
1192,2024-05-07,발빠짐,신촌역,20:14
1193,2024-05-06,승강설비관련,왕십리(2)역,14:20
1194,2024-05-05,역구내 사고,종합운동장역,13:53
1195,2024-05-05,역구내 사고,성신여대입구역,16:18
1196,2024-05-05,출입문관련,충무로(4)역,13:40
1197,2024-05-05,역구내 사고,아현역,21:40
1198,2024-05-05,역구내 사고,먹골역,16:25
1199,2024-05-04,출입문관련,종로3가(1)역,08:51
1200,2024-05-02,발빠짐,신대방역,18:31
1201,2024-05-02,발빠짐,신대방역,18:31
1202,2024-05-01,발빠짐,서대문역,12:30
1203,2024-05-01,출입문관련,사당(2)역,13:11
1204,2024-04-30,출입문관련,영등포시장역,17:05
1205,2024-04-30,출입문관련,상수역,10:51
1206,2024-04-30,역구내 사고,금호역,19:55
1207,2024-04-29,역구내 사고,영등포구청(2)역,12:57
1208,2024-04-28,출입문관련,아차산역,19:59
1209,2024-04-27,열차내 사고,도곡역,13:12
1210,2024-04-27,열차내 사고,교대(3)역,15:05
1211,2024-04-27,역구내 사고,동대문역사문화공원(5)역,09:27
1212,2024-04-26,출입문관련,약수(3)역,13:14
1213,2024-04-26,출입문관련,약수(3)역,13:14
1214,2024-04-25,열차내 사고,공릉역,17:46
1215,2024-04-25,열차내 사고,천호(5)역,14:01
1216,2024-04-24,출입문관련,종로3가(5)역,21:00
1217,2024-04-24,출입문관련,양재역,08:48
1218,2024-04-23,승강설비관련,약수(6)역,16:02
1219,2024-04-23,출입문관련,노원(4)역,15:06
1220,2024-04-23,출입문관련,창동역,11:58
1221,2024-04-23,출입문관련,군자(5)역,11:52
1222,2024-04-22,발빠짐,철산역,18:30
1223,2024-04-22,출입문관련,김포공항역,17:26
1224,2024-04-21,승강설비관련,노원(7)역,14:12
1225,2024-04-21,발빠짐,신림역,16:38
1226,2024-04-21,출입문관련,건대입구(7)역,12:16
1227,2024-04-20,역구내 사고,서대문역,17:46
1228,2024-04-19,출입문관련,충정로(5)역,09:36
1229,2024-04-19,역구내 사고,마포구청역,21:58
1230,2024-04-19,발빠짐,고속터미널(7)역,15:28
1231,2024-04-16,열차내 사고,온수(7)역,17:37
1232,2024-04-16,출입문관련,공덕(5)역,17:23
1233,2024-04-15,열차내 사고,청구(5)역,19:11
1234,2024-04-15,열차내 사고,공덕(5)역,17:56
1235,2024-04-14,출입문관련,숭실대입구역,09:00
1236,2024-04-14,발빠짐,동대문역사문화공원(4)역,10:55
1237,2024-04-14,출입문관련,동대문역사문화공원(4)역,19:48
1238,2024-04-13,출입문관련,여의나루역,15:04
1239,2024-04-12,출입문관련,상일동역,10:23
1240,2024-04-11,출입문관련,동대문역사문화공원(4)역,07:56
1241,2024-04-11,열차내 사고,까치산(5)역,08:11
1242,2024-04-07,열차내 사고,종로3가(3)역,16:14
1243,2024-04-06,출입문관련,신림역,18:54
1244,2024-04-06,출입문관련,동대문역사문화공원(5)역,19:00
1245,2024-04-05,출입문관련,강동역,12:50
1246,2024-04-04,열차내 사고,경복궁역,18:38
1247,2024-04-03,기타,건대입구~구의역간 고가 하부,16:30
1248,2024-04-01,출입문관련,창동역,11:13
1249,2024-03-29,승강설비관련,응암역,07:42
1250,2024-03-29,발빠짐,압구정역,15:09
1251,2024-03-28,발빠짐,성신여대입구역,22:22
1252,2024-03-28,출입문관련,회현역,15:24
1253,2024-03-28,열차내 사고,가산디지털단지(7)역,08:04
1254,2024-03-28,발빠짐,충무로(3)역,09:00
1255,2024-03-27,출입문관련,올림픽공원역,08:40
1256,2024-03-27,출입문관련,올림픽공원역,08:39
1257,2024-03-26,열차내 사고,강남역,08:40
1258,2024-03-26,열차내 사고,강남역,08:40
1259,2024-03-25,열차내 사고,강변역,15:00
1260,2024-03-25,열차내 사고,보라매역,18:39
1261,2024-03-23,열차내 사고,도봉산(7)역,14:50
1262,2024-03-23,역구내 사고,태릉입구(7)역,07:36
1263,2024-03-22,발빠짐,합정(6)역,07:28
1264,2024-03-20,역구내 사고,영등포시장역,17:47
1265,2024-03-20,출입문관련,혜화역,18:30
1266,2024-03-19,출입문관련,화곡역,18:15
1267,2024-03-18,역구내 사고,종각역,09:28
1268,2024-03-18,열차내 사고,고덕역,15:31
1269,2024-03-18,출입문관련,이수(7)역,17:41
1270,2024-03-17,승강설비관련,회현역,11:26
1271,2024-03-16,출입문관련,방화역,15:49
1272,2024-03-16,발빠짐,제기동역,14:38
1273,2024-03-15,발빠짐,구로디지털단지역,14:41
1274,2024-03-15,출입문관련,서울(4)역,15:53
1275,2024-03-14,열차내 사고,월계역,20:05
1276,2024-03-13,열차내 사고,교대(2)역,15:00
1277,2024-03-13,열차내 사고,고객의 소리,07:52
1278,2024-03-13,발빠짐,한양대역,18:00
1279,2024-03-13,역구내 사고,창동역,07:05
1280,2024-03-12,발빠짐,합정(6)역,07:57
1281,2024-03-11,출입문관련,왕십리(2)역,18:30
1282,2024-03-09,출입문관련,코레일,15:55
1283,2024-03-08,출입문관련,선릉역,10:37
1284,2024-03-08,출입문관련,강변역,18:38
1285,2024-03-07,열차내 사고,봉천역,17:31
1286,2024-03-06,열차내 사고,강남구청역,09:26
1287,2024-03-06,발빠짐,동대문(4)역,08:14
1288,2024-03-06,열차내 사고,낙성대역,15:51
1289,2024-03-06,열차내 사고,공릉역,09:15
1290,2024-03-05,출입문관련,신도림역,07:56
1291,2024-03-02,출입문관련,남한산성입구역,06:51
1292,2024-02-28,출입문관련,먹골역,10:55
1293,2024-02-28,역구내 사고,잠원역,13:10
1294,2024-02-28,역구내 사고,강남역,11:51
1295,2024-02-25,역구내 사고,봉천역,13:51
1296,2024-02-24,출입문관련,성신여대입구역,16:15
1297,2024-02-23,열차내 사고,목동역,12:38
1298,2024-02-23,발빠짐,동대문(4)역,12:09
1299,2024-02-22,승강설비관련,길음역,18:14
1300,2024-02-22,역구내 사고,학동역,17:08
1301,2024-02-21,열차내 사고,강동역,12:30
1302,2024-02-21,승강설비관련,까치산(5)역,17:29
1303,2024-02-20,역구내 사고,동대문역사문화공원(5)역,11:23
1304,2024-02-20,기타,종로3가(1)역,17:34
1305,2024-02-19,역구내 사고,교대(2)역,21:01
1306,2024-02-17,발빠짐,동대문(4)역,20:25
1307,2024-02-17,출입문관련,강남역,12:49
1308,2024-02-17,출입문관련,미아사거리역,13:55
1309,2024-02-16,출입문관련,아차산역,22:11
1310,2024-02-16,출입문관련,아차산역,22:11
1311,2024-02-15,역구내 사고,노원(4)역,13:59
1312,2024-02-15,출입문관련,마장역,15:42
1313,2024-02-15,출입문관련,아현역,13:51
1314,2024-02-15,역구내 사고,대청역,16:52
1315,2024-02-15,승강설비관련,송정역,09:03
1316,2024-02-14,승강설비관련,가산디지털단지(7)역,20:20
1317,2024-02-14,기타,유선접수,09:30
1318,2024-02-14,출입문관련,부평역,15:12
1319,2024-02-09,승강설비관련,상봉역,14:00
1320,2024-02-08,승강설비관련,천왕역,16:10
1321,2024-02-07,역구내 사고,혜화역,18:49
1322,2024-02-06,발빠짐,동대문역사문화공원(4)역,19:42
1323,2024-02-06,출입문관련,건대입구(7)역,11:49
1324,2024-02-05,출입문관련,천호(5)역,16:14
1325,2024-02-03,역구내 사고,철산역,12:00
1326,2024-02-03,출입문관련,신용산역,19:02
1327,2024-02-03,출입문관련,신용산역,19:02
1328,2024-02-02,역구내 사고,장한평역,20:25
1329,2024-02-01,발빠짐,동대문역사문화공원(5)역,14:41
1330,2024-01-31,출입문관련,구파발(3)역,14:13
1331,2024-01-31,승강설비관련,논현역,20:41
1332,2024-01-31,열차내 사고,신촌역,21:00
1333,2024-01-30,역구내 사고,사당(4)역,07:04
1334,2024-01-30,출입문관련,수서역,08:46
1335,2024-01-30,열차내 사고,신대방역,07:59
1336,2024-01-30,발빠짐,동대문역사문화공원(4)역,08:00
1337,2024-01-29,역구내 사고,강동역,07:00
1338,2024-01-29,역구내 사고,군자(5)역,12:32
1339,2024-01-27,발빠짐,성신여대입구역,15:59
1340,2024-01-26,승강설비관련,성신여대입구역,17:22
1341,2024-01-25,열차내 사고,신림역,08:00
1342,2024-01-24,출입문관련,구파발(3)역,12:50
1343,2024-01-21,출입문관련,천호(5)역,14:14
1344,2024-01-21,승강설비관련,쌍문역,11:30
1345,2024-01-20,열차내 사고,천호(5)역,16:52
1346,2024-01-19,출입문관련,송내역,17:40
1347,2024-01-19,발빠짐,군자(7)역,19:00
1348,2024-01-18,열차내 사고,사당(2)역,16:50
1349,2024-01-18,열차내 사고,방배역,16:45
1350,2024-01-17,역구내 사고,망원역,21:33
1351,2024-01-17,출입문관련,선릉역,12:06
1352,2024-01-17,역구내 사고,약수(6)역,22:29
1353,2024-01-17,발빠짐,철산역,19:02
1354,2024-01-15,역구내 사고,회현역,12:32
1355,2024-01-14,열차내 사고,신도림역,16:35
1356,2024-01-14,역구내 사고,약수(6)역,14:50
1357,2024-01-14,열차내 사고,신도림역,16:35
1358,2024-01-13,역구내 사고,을지로3가(3)역,17:16
1359,2024-01-13,발빠짐,발산역,17:02
1360,2024-01-13,역구내 사고,수서역,12:50
1361,2024-01-12,발빠짐,석촌역,08:36
1362,2024-01-11,역구내 사고,신촌역,14:00
1363,2024-01-11,출입문관련,발산역,16:37
1364,2024-01-11,역구내 사고,구의역,23:30
1365,2024-01-10,발빠짐,홍제역,06:54
1366,2024-01-10,열차내 사고,강남역,20:18
1367,2024-01-09,출입문관련,마두역,15:38
1368,2024-01-08,승강설비관련,오금(3)역,07:42
1369,2024-01-08,출입문관련,교대(3)역,07:42
1370,2024-01-07,발빠짐,동대문(4)역,11:21
1371,2024-01-06,열차내 사고,수서역,19:55
1372,2024-01-05,역구내 사고,가락시장(8)역,08:00
1373,2024-01-04,역구내 사고,오금(3)역,08:21
1374,2024-01-03,발빠짐,철산역,07:58
1375,2024-01-02,출입문관련,동대문역사문화공원(2)역,08:26
1376,2023-12-30,출입문관련,을지로4가(2)역,13:37
1377,2023-12-30,열차내 사고,을지로3가역,12:37
1378,2023-12-27,열차내 사고,문정역,08:35
1379,2023-12-27,발빠짐,충무로(3)역,17:43
1380,2023-12-26,출입문관련,대림(7)역,20:46
1381,2023-12-26,출입문관련,신도림역,08:57
1382,2023-12-26,출입문관련,신정역,12:09
1383,2023-12-25,역구내 사고,봉천역,15:30
1384,2023-12-24,역구내 사고,회현역,20:58
1385,2023-12-24,열차내 사고,오금(3)역,11:48
1386,2023-12-24,역구내 사고,신대방역,10:37
1387,2023-12-23,역구내 사고,신도림역,10:10
1388,2023-12-22,역구내 사고,군자(5)역,23:30
1389,2023-12-22,열차내 사고,신대방삼거리역,08:15
1390,2023-12-21,역구내 사고,신금호역,00:32
1391,2023-12-21,역구내 사고,충정로역,08:18
1392,2023-12-20,역구내 사고,연신내(3)역,11:58
1393,2023-12-20,발빠짐,충무로(3)역,17:17
1394,2023-12-20,역구내 사고,합정(2)역,11:10
1395,2023-12-20,발빠짐,신정역,08:01
1396,2023-12-20,승강설비관련,연신내(3)역,11:58
1397,2023-12-18,열차내 사고,사당(4)역,14:13
1398,2023-12-18,출입문관련,공덕(5)역,19:22
1399,2023-12-17,역구내 사고,신당(2)역,11:53
1400,2023-12-16,역구내 사고,독립문역,07:30
1401,2023-12-16,역구내 사고,신당(2)역,23:53
1402,2023-12-15,역구내 사고,동묘앞(1)역,06:54
1403,2023-12-15,역구내 사고,수유역,08:46
1404,2023-12-15,발빠짐,서울(1)역,07:24
1405,2023-12-14,승강설비관련,하계역,11:41
1406,2023-12-14,열차내 사고,낙성대역,08:32
1407,2023-12-14,발빠짐,사당(2)역,08:32
1408,2023-12-14,발빠짐,구로디지털단지역,08:38
1409,2023-12-14,열차내 사고,신대방역,22:05
1410,2023-12-14,출입문관련,선릉역,11:07
1411,2023-12-14,역구내 사고,남부터미널역,15:17
1412,2023-12-13,역구내 사고,수서역,12:50
1413,2023-12-12,출입문관련,강동역,07:40
1414,2023-12-12,출입문관련,숭실대입구역,18:22
1415,2023-12-12,역구내 사고,서울대입구역,10:40
1416,2023-12-11,열차내 사고,대방역,12:04
1417,2023-12-11,출입문관련,복정역,18:24
1418,2023-12-08,승강설비관련,디지털미디어시티역,08:51
1419,2023-12-07,발빠짐,몽촌토성역,22:21
1420,2023-12-06,승강설비관련,상봉역,14:19
1421,2023-12-06,출입문관련,명동역,18:06
1422,2023-12-06,승강설비관련,대림(7)역,10:27
1423,2023-12-06,출입문관련,대청역,06:50
1424,2023-12-05,발빠짐,서울(4)역,09:59
1425,2023-12-04,출입문관련,창동역,12:04
1426,2023-12-04,역구내 사고,신설동(1)역,08:11
1427,2023-12-01,승강설비관련,태릉입구(6)역,12:35
1428,2023-12-01,열차내 사고,신도림역,18:18
1429,2023-12-01,역구내 사고,역삼역,15:28
1430,2023-12-01,열차내 사고,선릉역,18:18
1431,2023-11-30,발빠짐,신림역,08:26
1432,2023-11-29,승강설비관련,신대방삼거리역,16:38
1433,2023-11-29,승강설비관련,신대방삼거리역,15:19
1434,2023-11-28,역구내 사고,약수(6)역,11:18
1435,2023-11-28,발빠짐,동대문역사문화공원(4)역,18:40
1436,2023-11-27,발빠짐,철산역,09:40
1437,2023-11-25,출입문관련,아현역,13:47
1438,2023-11-24,역구내 사고,왕십리(5)역,20:20
1439,2023-11-24,출입문관련,산본역,08:44
1440,2023-11-24,열차내 사고,종로5가역,09:05
1441,2023-11-21,출입문관련,동대문역사문화공원(5)역,18:32
1442,2023-11-20,출입문관련,대림(7)역,07:20
1443,2023-11-19,열차내 사고,성수역,09:50
1444,2023-11-19,역구내 사고,온수역,17:00
1445,2023-11-19,발빠짐,압구정역,19:02
1446,2023-11-18,역구내 사고,한강진역,10:15
1447,2023-11-18,역구내 사고,구의역,00:30
1448,2023-11-17,승강설비관련,하계역,13:45
1449,2023-11-16,열차내 사고,문정역,09:25
1450,2023-11-16,출입문관련,방화역,11:53
1451,2023-11-16,열차내 사고,디지털미디어시티역,16:01
1452,2023-11-16,발빠짐,구로디지털단지역,08:55
1453,2023-11-16,역구내 사고,사당(4)역,15:38
1454,2023-11-15,출입문관련,오목교역,15:36
1455,2023-11-15,발빠짐,신길역,11:37
1456,2023-11-14,출입문관련,건대입구(2)역,08:50
1457,2023-11-14,열차내 사고,혜화역,08:17
1458,2023-11-14,출입문관련,군자(5)역,10:04
1459,2023-11-14,열차내 사고,회현역,08:17
1460,2023-11-13,출입문관련,응암영,17:46
1461,2023-11-12,출입문관련,합정(2)역,10:11
1462,2023-11-11,출입문관련,이수(4)역,19:53
1463,2023-11-10,역구내 사고,혜화역,14:10
1464,2023-11-10,출입문관련,신길역,18:39
1465,2023-11-09,출입문관련,종로3가(3)역,19:28
1466,2023-11-09,발빠짐,한성대입구역,19:25
1467,2023-11-09,역구내 사고,서초역,18:55
1468,2023-11-08,열차내 사고,신대방역,15:25
1469,2023-11-08,발빠짐,구로디지털단지역,08:16
1470,2023-11-07,출입문관련,청담역,17:42
1471,2023-11-07,출입문관련,방이역,08:59
1472,2023-11-06,승강설비관련,강남역,14:30
1473,2023-11-06,역구내 사고,신정네거리역,07:57
1474,2023-11-06,승강설비관련,역삼역,08:37
1475,2023-11-06,승강설비관련,역삼역,08:37
1476,2023-11-04,역구내 사고,경복궁역,18:22
1477,2023-11-04,역구내 사고,숙대입구역,11:22
1478,2023-11-03,출입문관련,이촌역,11:04
1479,2023-11-03,출입문관련,산본역,19:38
1480,2023-11-03,발빠짐,신촌역,18:09
1481,2023-11-03,발빠짐,경찰병원역,19:36
1482,2023-11-02,출입문관련,을지로3가(2)역,14:33
1483,2023-11-01,승강설비관련,행당역,10:20
1484,2023-11-01,발빠짐,발산역,14:46
1485,2023-11-01,출입문관련,홍대입구역,05:52
1486,2023-11-01,출입문관련,노원(4)역,13:52
1487,2023-11-01,출입문관련,구파발(3)역,18:42
1488,2023-11-01,출입문관련,홍대입구역,05:52
1489,2023-10-27,열차내 사고,애오개역,19:00
1490,2023-10-26,역구내 사고,선릉역,07:15
1491,2023-10-26,열차내 사고,선릉역,08:32
1492,2023-10-26,역구내 사고,선릉역,07:15
1493,2023-10-26,열차내 사고,선릉(2)역,08:36
1494,2023-10-26,출입문관련,상일동,17:32
1495,2023-10-26,열차내 사고,강남역,08:45
1496,2023-10-26,출입문관련,면목역,20:39
1497,2023-10-26,열차내 사고,강남역,08:45
1498,2023-10-26,열차내 사고,봉천역,08:45
1499,2023-10-25,출입문관련,녹번(3)역,09:20
1500,2023-10-23,출입문관련,월곡역,18:03
1501,2023-10-23,역구내 사고,강남구청역,19:00
1502,2023-10-23,발빠짐,발산역,23:10
1503,2023-10-22,출입문관련,신길역,16:13
1504,2023-10-20,출입문관련,먹골역,17:26
1505,2023-10-19,역구내 사고,구로디지털단지역,17:11
1506,2023-10-19,열차내 사고,도봉산(7)역,07:02
1507,2023-10-19,출입문관련,종로3가(3)역,20:40
1508,2023-10-18,출입문관련,태릉입구(7)역,18:30
1509,2023-10-18,출입문관련,성신여대입구역,15:02
1510,2023-10-17,역구내 사고,시청(1)역,14:20
1511,2023-10-17,역구내 사고,시청(1)역,14:15
1512,2023-10-16,출입문관련,강동역,07:43
1513,2023-10-16,역구내 사고,청담역,07:55
1514,2023-10-15,역구내 사고,광명사거리역,21:00
1515,2023-10-13,출입문관련,성수역,16:15
1516,2023-10-13,승강설비관련,성수역,14:49
1517,2023-10-12,발빠짐,동대문역사문화공원(4)역,08:19
1518,2023-10-11,열차내 사고,구로디지털단지역,08:49
1519,2023-10-11,출입문관련,청량리역,13:29
1520,2023-10-11,출입문관련,노원(7)역,18:24
1521,2023-10-11,승강설비관련,봉천역,09:40
1522,2023-10-11,열차내 사고,구의역,10:45
1523,2023-10-11,발빠짐,철산역,08:37
1524,2023-10-10,출입문관련,마곡역,08:36
1525,2023-10-10,열차내 사고,오목교역,08:18
1526,2023-10-09,출입문관련,월드컵경기장역,19:14
1527,2023-10-06,역구내 사고,목동역,14:22
1528,2023-10-06,출입문관련,송정역,12:02
1529,2023-10-06,출입문관련,우장산역,15:49
1530,2023-10-05,출입문관련,공덕(5)역,10:14
1531,2023-10-04,역구내 사고,고속터미널(3)역,11:40
1532,2023-10-04,역구내 사고,신사(3)역,18:17
1533,2023-10-02,출입문관련,약수(3)역,15:30
1534,2023-09-30,출입문관련,양재역,13:40
1535,2023-09-29,승강설비관련,약수(6)역,17:27
1536,2023-09-29,역구내 사고,봉천역,17:09
1537,2023-09-27,역구내 사고,숭실대입구역,17:50
1538,2023-09-26,출입문관련,구로디지털단지역,12:44
1539,2023-09-26,발빠짐,발산역,18:23
1540,2023-09-26,출입문관련,경복궁(3)역,08:44
1541,2023-09-25,출입문관련,군자(5)역,17:45
1542,2023-09-25,출입문관련,신금호역,10:46
1543,2023-09-25,역구내 사고,창동역,08:40
1544,2023-09-25,출입문관련,군자(5)역,11:25
1545,2023-09-25,역구내 사고,남부터미널역,20:15
1546,2023-09-24,출입문관련,구로역,12:43
1547,2023-09-23,출입문관련,가락시장역,14:37
1548,2023-09-23,출입문관련,종로5가역,13:44
1549,2023-09-21,출입문관련,동대문역사문화공원(2)역,18:19
1550,2023-09-20,역구내 사고,군자(5)역,08:04
1551,2023-09-20,승강설비관련,신대방삼거리역,08:30
1552,2023-09-20,역구내 사고,교대(2)역,08:39
1553,2023-09-20,역구내 사고,신사(3)역,18:05
1554,2023-09-18,승강설비관련,역촌역,19:36
1555,2023-09-18,발빠짐,동대문역사문화공원(5)역,19:51
1556,2023-09-18,출입문관련,노원(4)역,08:13
1557,2023-09-16,출입문관련,서울(4)역,16:18
1558,2023-09-15,열차내 사고,S4609열차,15:06
1559,2023-09-15,역구내 사고,봉천역,15:40
1560,2023-09-14,발빠짐,도봉산(7)역,17:19
1561,2023-09-14,발빠짐,동대문역사문화공원(2)역,07:46
1562,2023-09-13,승강설비관련,종로3가(3)역,12:52
1563,2023-09-13,역구내 사고,경찰병원역,16:27
1564,2023-09-13,역구내 사고,종로3가(3)역,12:52
1565,2023-09-10,열차내 사고,연신내(3)역,11:24
1566,2023-09-10,열차내 사고,신당(2)역,11:44
1567,2023-09-09,출입문관련,송정역,19:54
1568,2023-09-09,출입문관련,동대문역사문화공원(2)역,16:59
1569,2023-09-09,역구내 사고,가산디지털단지(7)역,10:40
1570,2023-09-08,발빠짐,고속터미널(7)역,17:48
1571,2023-09-08,역구내 사고,교대(3)역,16:26
1572,2023-09-08,출입문관련,낙성대역,13:47
1573,2023-09-08,출입문관련,잠원역,09:33
1574,2023-09-07,출입문관련,이수(4)역,19:35
1575,2023-09-07,발빠짐,동대입구역,18:13
1576,2023-09-07,발빠짐,서울(1)역,18:13
1577,2023-09-07,출입문관련,구로디지털단지역,18:24
1578,2023-09-05,출입문관련,잠실(8)역,09:48
1579,2023-09-05,출입문관련,신정네거리역,15:28
1580,2023-09-05,출입문관련,신도림역,08:03
1581,2023-09-05,출입문관련,명일역,18:29
1582,2023-09-04,출입문관련,서울(4)역,08:25
1583,2023-09-02,출입문관련,학동역,16:03
1584,2023-09-01,출입문관련,신림역,16:55
1585,2023-09-01,승강설비관련,청량리역,18:27
1586,2023-08-31,출입문관련,양재역,07:40
1587,2023-08-30,열차내 사고,청량리역,07:34
1588,2023-08-30,열차내 사고,청량리역,07:34
1589,2023-08-30,출입문관련,미아사거리역,08:20
1590,2023-08-30,발빠짐,서대문역,08:30
1591,2023-08-30,출입문관련,교대(3)역,16:16
1592,2023-08-29,출입문관련,신사(3)역,17:36
1593,2023-08-29,역구내 사고,왕십리(2)역,11:33
1594,2023-08-29,출입문관련,성수역,13:32
1595,2023-08-29,출입문관련,성수역,13:32
1596,2023-08-28,역구내 사고,증산역,07:39
1597,2023-08-28,역구내 사고,종각역,13:41
1598,2023-08-28,열차내 사고,태릉입구역,07:09
1599,2023-08-28,승강설비관련,철산역,08:16
1600,2023-08-28,역구내 사고,창신역,11:22
1601,2023-08-27,발빠짐,충무로(3)역,12:59
1602,2023-08-26,출입문관련,상일동역,15:57
1603,2023-08-25,역구내 사고,수서역,18:48
1604,2023-08-24,역구내 사고,연신내(3)역,07:18
1605,2023-08-24,발빠짐,동대문역사문화공원(4)역,18:20
1606,2023-08-24,출입문관련,종각역,08:52
1607,2023-08-23,역구내 사고,강변역,06:14
1608,2023-08-23,출입문관련,시청(2)역,17:18
1609,2023-08-23,발빠짐,고속터미널(7)역,20:16
1610,2023-08-22,출입문관련,을지로3가(2)역,07:38
1611,2023-08-22,발빠짐,강변역,08:07
1612,2023-08-22,출입문관련,명동역,14:57
1613,2023-08-20,역구내 사고,오금(5)역,10:19
1614,2023-08-19,승강설비관련,신도림역,16:30
1615,2023-08-18,출입문관련,신도림역,19:24
1616,2023-08-18,열차내 사고,잠실(2)역,07:39
1617,2023-08-17,열차내 사고,을지로4가(2)역,18:30
1618,2023-08-17,열차내 사고,을지로4가(2)역,18:20
1619,2023-08-17,출입문관련,영등포구청(5)역,17:25
1620,2023-08-17,열차내 사고,을지로3가(2)역,18:20
1621,2023-08-17,열차내 사고,시청(2)역,14:30
1622,2023-08-17,출입문관련,충무로(4)역,08:26
1623,2023-08-17,열차내 사고,을지로4가(2)역,18:20
1624,2023-08-16,열차내 사고,중곡역,08:25
1625,2023-08-16,역구내 사고,역촌역,19:00
1626,2023-08-16,열차내 사고,어린이대공원역,08:21
1627,2023-08-16,역구내 사고,학여울역,14:03
1628,2023-08-15,출입문관련,서울(4)역,13:57
1629,2023-08-14,역구내 사고,천왕역,18:40
1630,2023-08-13,열차내 사고,방화역,15:30
1631,2023-08-12,역구내 사고,어린이대공원역,13:35
1632,2023-08-11,승강설비관련,역삼역,09:50
1633,2023-08-11,출입문관련,동대문역사문화공원(4)역,12:47
1634,2023-08-10,출입문관련,영등포구청(5)역,09:17
1635,2023-08-09,역구내 사고,중계역,11:19
1636,2023-08-07,역구내 사고,노원(7)역,15:47
1637,2023-08-07,출입문관련,군자(5)역,21:32
1638,2023-08-07,발빠짐,개화산역,14:50
1639,2023-08-07,열차내 사고,쌍문역,08:57
1640,2023-08-03,발빠짐,동대문역사문화공원(4)역,09:15
1641,2023-08-03,발빠짐,동묘앞(1)역,07:40
1642,2023-08-03,출입문관련,잠실(8)역,09:18
1643,2023-08-02,출입문관련,면목역,10:03
1644,2023-07-31,역구내 사고,논현역,09:15
1645,2023-07-31,승강설비관련,독립문역,15:56
1646,2023-07-30,열차내 사고,중계역,22:00
1647,2023-07-30,역구내 사고,동묘앞(1)역,18:10
1648,2023-07-25,발빠짐,철산역,17:48
1649,2023-07-25,출입문관련,여의나루역,16:06
1650,2023-07-24,출입문관련,이수(4)역,08:09
1651,2023-07-24,출입문관련,회현역,18:46
1652,2023-07-23,출입문관련,신촌역,21:15
1653,2023-07-22,발빠짐,압구정역,13:24
1654,2023-07-21,발빠짐,불광(6)역,18:09
1655,2023-07-19,역구내 사고,남위례역,14:40
1656,2023-07-19,역구내 사고,잠실(2)역,07:25
1657,2023-07-18,열차내 사고,대화역,10:25
1658,2023-07-18,열차내 사고,방이역,08:07
1659,2023-07-18,열차내 사고,암사역,16:00
1660,2023-07-17,출입문관련,당산(2)역,12:53
1661,2023-07-17,출입문관련,성수역,08:55
1662,2023-07-16,역구내 사고,불광(3)역,20:27
1663,2023-07-15,열차내 사고,대림(7)역,11:55
1664,2023-07-15,역구내 사고,대치역,07:52
1665,2023-07-14,역구내 사고,용두역,11:06
1666,2023-07-14,열차내 사고,종로3가(1)역,17:40
1667,2023-07-14,역구내 사고,사당(2)역,20:10
1668,2023-07-14,역구내 사고,안국역,15:30
1669,2023-07-13,열차내 사고,서초역,22:17
1670,2023-07-13,역구내 사고,종로5가역,18:19
1671,2023-07-12,출입문관련,태릉입구(7)역,16:15
1672,2023-07-12,승강설비관련,신당(6)역,08:31
1673,2023-07-12,열차내 사고,서울대입구역,22:16
1674,2023-07-11,역구내 사고,도봉산(7)역,17:47
1675,2023-07-11,발빠짐,신촌역,18:56
1676,2023-07-11,역구내 사고,강변역,10:18
1677,2023-07-09,역구내 사고,신림역,11:32
1678,2023-07-08,열차내 사고,시청(1)역,11:06
1679,2023-07-07,발빠짐,방배역,18:29
1680,2023-07-07,열차내 사고,제S475열차,18:09
1681,2023-07-07,출입문관련,합정(2)역,18:02
1682,2023-07-06,역구내 사고,교대(3)역,21:11
1683,2023-07-05,출입문관련,사당(4)역,18:18
1684,2023-07-05,출입문관련,종로5가역,09:47
1685,2023-07-04,승강설비관련,잠실(2)역,19:54
1686,2023-07-04,열차내 사고,코레일,14:40
1687,2023-07-04,승강설비관련,연신내(3)역,16:18
1688,2023-07-04,열차내 사고,합정(2)역,08:25
1689,2023-07-02,기타,교대(2)역,12:00
1690,2023-07-02,출입문관련,혜화역,15:24
1691,2023-07-02,출입문관련,디지털미디어시티역,10:03
1692,2023-06-30,승강설비관련,청량리역,06:13
1693,2023-06-30,승강설비관련,천호(5)역,09:42
1694,2023-06-29,출입문관련,발산역,14:00
1695,2023-06-29,역구내 사고,잠실나루역,11:14
1696,2023-06-29,승강설비관련,이수(7)역,09:56
1697,2023-06-29,열차내 사고,대림(2)역,11:09
1698,2023-06-27,출입문관련,창동역,18:42
1699,2023-06-27,출입문관련,구로디지털단지역,17:55
1700,2023-06-27,출입문관련,성수역,08:51
1701,2023-06-27,역구내 사고,종로3가(3)역,15:10
1702,2023-06-26,출입문관련,지축역,19:06
1703,2023-06-25,발빠짐,서대문역,12:23
1704,2023-06-23,열차내 사고,교대(2)역,18:42
1705,2023-06-23,발빠짐,연신내(3)역,07:36
1706,2023-06-23,발빠짐,동대문(4)역,13:53
1707,2023-06-23,출입문관련,수유역,11:32
1708,2023-06-22,출입문관련,당산(2)역,09:08
1709,2023-06-22,승강설비관련,음암역,10:46
1710,2023-06-21,열차내 사고,서울대입구역,10:37
1711,2023-06-21,출입문관련,쌍문역,17:31
1712,2023-06-20,발빠짐,신촌역,13:17
1713,2023-06-19,발빠짐,아현역,16:43
1714,2023-06-19,발빠짐,성신여대입구역,17:50
1715,2023-06-19,열차내 사고,고속터미널(3)역,15:34
1716,2023-06-19,출입문관련,연신내(3)역,14:23
1717,2023-06-19,출입문관련,을지로3가(2)역,17:08
1718,2023-06-17,출입문관련,신도림역,16:00
1719,2023-06-16,출입문관련,경찰병원역,16:07
1720,2023-06-16,출입문관련,동대문역사문화공원(4)역,13:35
1721,2023-06-16,출입문관련,천왕역,14:30
1722,2023-06-15,역구내 사고,왕십리(5)역,19:26
1723,2023-06-15,승강설비관련,암사역,16:12
1724,2023-06-14,열차내 사고,신대방역,11:28
1725,2023-06-14,출입문관련,뚝섬역,16:08
1726,2023-06-14,발빠짐,성신여대입구역,12:12
1727,2023-06-13,발빠짐,종로3가(1)역,09:16
1728,2023-06-13,발빠짐,신금호역,13:47
1729,2023-06-13,승강설비관련,약수(6)역,07:54
1730,2023-06-11,출입문관련,잠실(2)역,14:27
1731,2023-06-11,승강설비관련,우장산역,17:02
1732,2023-06-11,역구내 사고,신정네거리역,19:38
1733,2023-06-10,역구내 사고,마들역,16:31
1734,2023-06-09,역구내 사고,창동역,19:51
1735,2023-06-09,출입문관련,인덕원역,18:02
1736,2023-06-08,열차내 사고,화서역,18:23
1737,2023-06-07,역구내 사고,신당(2)역,16:40
1738,2023-06-05,승강설비관련,월드컵경기장역,16:53
1739,2023-06-05,출입문관련,을지로입구(2)역,14:02
1740,2023-06-04,역구내 사고,봉천역,22:37
1741,2023-06-03,출입문관련,군자(5)역,16:15
1742,2023-06-02,발빠짐,도봉산(7)역,18:26
1743,2023-06-01,발빠짐,신촌역,08:24
1744,2023-05-31,출입문관련,사가정역,11:57
1745,2023-05-31,출입문관련,오남역,10:37
1746,2023-05-31,승강설비관련,논현역,18:02
1747,2023-05-30,역구내 사고,몽촌토성역,08:05
1748,2023-05-30,발빠짐,충무로(4)역,20:19
1749,2023-05-30,역구내 사고,고속터미널(3)역,13:15
1750,2023-05-28,역구내 사고,구파발(3)역,18:20
1751,2023-05-27,출입문관련,낙성대역,22:10
1752,2023-05-27,출입문관련,장승배기역,16:48
1753,2023-05-27,승강설비관련,신정네거리역,16:17
1754,2023-05-26,출입문관련,서울(4)역,10:33
1755,2023-05-25,열차내 사고,문래역,08:33
1756,2023-05-25,출입문관련,인천역,07:50
1757,2023-05-25,출입문관련,신도림역,10:49
1758,2023-05-23,열차내 사고,청량리역,14:03
1759,2023-05-23,역구내 사고,천호(8)역,08:26
1760,2023-05-20,열차내 사고,수서역,15:22
1761,2023-05-20,역구내 사고,봉천역,18:09
1762,2023-05-20,출입문관련,홍대입구역,16:06
1763,2023-05-19,역구내 사고,서초역,15:13
1764,2023-05-19,출입문관련,동대문역사문화공원(2)역,16:20
1765,2023-05-19,역구내 사고,시청(2)역,11:40
1766,2023-05-18,발빠짐,동대문역사문화공원(4)역,15:07
1767,2023-05-18,역구내 사고,장승배기역,20:30
1768,2023-05-18,열차내 사고,을지로입구(2)역,17:45
1769,2023-05-17,출입문관련,발산역,11:44
1770,2023-05-17,출입문관련,봉천역,18:09
1771,2023-05-15,열차내 사고,3130열차,09:20
1772,2023-05-14,열차내 사고,청량리역,14:56
1773,2023-05-14,역구내 사고,동대입구역,19:05
1774,2023-05-14,열차내 사고,청량리역,12:09
1775,2023-05-11,열차내 사고,봉천역,08:22
1776,2023-05-11,발빠짐,충무로(3)역,16:19
1777,2023-05-11,출입문관련,발산역,17:28
1778,2023-05-11,열차내 사고,신림역,08:22
1779,2023-05-11,열차내 사고,사당(2)역,08:22
1780,2023-05-10,열차내 사고,마장역,17:50
1781,2023-05-10,역구내 사고,사당(4)역,08:14
1782,2023-05-08,출입문관련,구산역,18:33
1783,2023-05-08,발빠짐,을지로4가(2)역,18:16
1784,2023-05-08,출입문관련,사당(4)역,09:59
1785,2023-05-08,열차내 사고,남영역,17:09
1786,2023-05-07,열차내 사고,신설동(1)역,18:00
1787,2023-05-07,열차내 사고,중화역,13:54
1788,2023-05-06,역구내 사고,합정(6)역,16:49
1789,2023-05-06,승강설비관련,성수역,13:16
1790,2023-05-03,승강설비관련,구로디지털단지역,12:25
1791,2023-05-02,출입문관련,화곡역,20:30
1792,2023-05-02,발빠짐,어린이대공원역,08:31
1793,2023-04-30,발빠짐,신촌역,22:57
1794,2023-04-30,열차내 사고,청담역,10:30
1795,2023-04-29,승강설비관련,고속터미널(3)역,17:14
1796,2023-04-29,역구내 사고,사당(2)역,09:21
1797,2023-04-29,열차내 사고,사당(2)역,00:05
1798,2023-04-27,열차내 사고,시청(1)역,16:30
1799,2023-04-27,열차내 사고,동인천역,16:40
1800,2023-04-27,발빠짐,서울(1)역,12:36
1801,2023-04-26,열차내 사고,오류동역,13:30
1802,2023-04-25,열차내 사고,낙성대역,08:30
1803,2023-04-25,열차내 사고,삼성역,08:38
1804,2023-04-24,열차내 사고,하남시청역,18:10
1805,2023-04-22,출입문관련,방이역,15:07
1806,2023-04-21,열차내 사고,천왕역,09:40
1807,2023-04-21,역구내 사고,건대입구(7)역,11:00
1808,2023-04-19,출입문관련,사당(4)역,09:28
1809,2023-04-19,발빠짐,고속터미널(7)역,15:28
1810,2023-04-19,출입문관련,하계역,10:38
1811,2023-04-18,승강설비관련,대흥역,08:18
1812,2023-04-18,출입문관련,충무로(3)역,16:06
1813,2023-04-17,역구내 사고,창동역,13:39
1814,2023-04-13,열차내 사고,신림역,18:44
1815,2023-04-13,발빠짐,구파발(3)역,11:32
1816,2023-04-12,역구내 사고,사당(4)역,16:06
1817,2023-04-12,역구내 사고,사당(2)역,15:15
1818,2023-04-11,역구내 사고,사당(2)역,07:13
1819,2023-04-10,발빠짐,동대문(1)역,17:15
1820,2023-04-09,출입문관련,사당(2)역,12:51
1821,2023-04-08,발빠짐,아현역,12:47
1822,2023-04-08,발빠짐,신촌역,12:47
1823,2023-04-06,열차내 사고,고객의소리,19:00
1824,2023-04-06,열차내 사고,송정역,18:58
1825,2023-04-05,출입문관련,광명사거리역,08:35
1826,2023-04-05,역구내 사고,모란역,09:26
1827,2023-04-04,역구내 사고,남한산성입구역,20:36
1828,2023-04-04,출입문관련,김포공항(5)역,15:38
1829,2023-04-04,역구내 사고,남한산성입구역,20:36
1830,2023-04-03,열차내 사고,동대문(1)역,12:18
1831,2023-04-02,출입문관련,미사역,11:24
1832,2023-04-01,출입문관련,동작역,11:50
1833,2023-04-01,출입문관련,신당(2)역,18:03
1834,2023-03-31,출입문관련,신도림(1)역,17:41
1835,2023-03-30,발빠짐,종로3가(3)역,08:28
1836,2023-03-28,승강설비관련,고속터미널(7)역,12:11
1837,2023-03-27,출입문관련,불광(3)역,18:57
1838,2023-03-27,출입문관련,창동역,07:23
1839,2023-03-25,열차내 사고,시청(1)역,14:20
1840,2023-03-25,승강설비관련,까치산(5)역,22:30
1841,2023-03-24,출입문관련,동대문역사문화공원(4)역,18:09
1842,2023-03-24,출입문관련,노원(4)역,16:00
1843,2023-03-23,출입문관련,연신내(3)역,11:45
1844,2023-03-23,발빠짐,개화산역,12:02
1845,2023-03-22,발빠짐,고속터미널(7)역,20:49
1846,2023-03-22,발빠짐,방배역,18:27
1847,2023-03-22,열차내 사고,암사역,18:20
1848,2023-03-22,출입문관련,수락산역,00:55
1849,2023-03-21,열차내 사고,장한평역,19:05
1850,2023-03-21,출입문관련,영등포시장(5)역,09:47
1851,2023-03-21,승강설비관련,새절역,06:04
1852,2023-03-20,출입문관련,삼송역,09:17
1853,2023-03-19,발빠짐,동묘앞(1)역,15:59
1854,2023-03-18,승강설비관련,약수(6)역,19:30
1855,2023-03-14,출입문관련,천호(8)역,14:59
1856,2023-03-14,출입문관련,모란역,14:59
1857,2023-03-13,발빠짐,사당(2)역,18:00
1858,2023-03-13,열차내 사고,서울(1)역,00:00
1859,2023-03-11,출입문관련,사당(4)역,14:15
1860,2023-03-11,승강설비관련,종로3가(1)역,16:22
1861,2023-03-10,역구내 사고,강동역,07:06
1862,2023-03-10,열차내 사고,석계역,17:56
1863,2023-03-10,역구내 사고,석계(6)역,11:23
1864,2023-03-10,출입문관련,신도림역,16:32
1865,2023-03-10,출입문관련,상계역,10:45
1866,2023-03-09,열차내 사고,신림역,08:29
1867,2023-03-09,역구내 사고,을지로3가(3)역,15:30
1868,2023-03-09,열차내 사고,석계(1)역,17:56
1869,2023-03-08,열차내 사고,서대문역,18:23
1870,2023-03-07,열차내 사고,봉천역,08:51
1871,2023-03-07,역구내 사고,사당(4)역,23:29
1872,2023-03-06,출입문관련,교대(2)역,18:55
1873,2023-03-04,출입문관련,방화역,16:49
1874,2023-03-03,역구내 사고,을지로3가(3)역,14:17
1875,2023-03-03,열차내 사고,목동역,18:12
1876,2023-03-02,출입문관련,동대문역사문화공원(4)역,07:11
1877,2023-03-02,발빠짐,홍제역,08:12
1878,2023-03-02,출입문관련,동대문역사문화공원(4)역,07:11
1879,2023-02-28,역구내 사고,무악재역,11:57
1880,2023-02-27,발빠짐,청량리역,08:05
1881,2023-02-27,출입문관련,사당(2)역,18:41
1882,2023-02-26,승강설비관련,오목교역,15:58
1883,2023-02-25,출입문관련,구로디지털단지역,09:31
1884,2023-02-25,열차내 사고,구의역,09:31
1885,2023-02-24,승강설비관련,마들역,12:26
1886,2023-02-23,출입문관련,방화역,08:46
1887,2023-02-23,출입문관련,남부터미널역,16:48
1888,2023-02-23,역구내 사고,삼성역,12:45
1889,2023-02-23,출입문관련,종로3가(1)역,08:45
1890,2023-02-22,출입문관련,남한산성역,08:59
1891,2023-02-21,역구내 사고,금호역,12:31
1892,2023-02-20,열차내 사고,종로3가(1)역,18:15
1893,2023-02-20,열차내 사고,합정(2)역,18:34
1894,2023-02-18,출입문관련,남성역,16:49
1895,2023-02-15,열차내 사고,신설동(1)역,09:15
1896,2023-02-15,열차내 사고,종로3가(1)역,09:25
1897,2023-02-14,열차내 사고,금정역,08:30
1898,2023-02-13,열차내 사고,양평역,19:46
1899,2023-02-12,열차내 사고,금정역,19:35
1900,2023-02-10,열차내 사고,을지로3가(2)역,16:27
1901,2023-02-10,열차내 사고,회기역,18:38
1902,2023-02-10,열차내 사고,천호(5)역,08:30
1903,2023-02-08,역구내 사고,경복궁(3)역,11:00
1904,2023-02-08,출입문관련,서초역,15:06
1905,2023-02-07,출입문관련,아차산역,17:59
1906,2023-02-07,발빠짐,군자(7)역,08:20
1907,2023-02-06,출입문관련,구로디지털단지역,08:14
1908,2023-02-04,출입문관련,선릉(2)역,13:21
1909,2023-02-03,출입문관련,오금(5)역,17:51
1910,2023-01-31,역구내 사고,선릉(2)역,06:02
1911,2023-01-30,역구내 사고,잠실(2)역,15:29
1912,2023-01-30,발빠짐,동대문역사문화공원(4)역,08:10
1913,2023-01-30,역구내 사고,잠실(2)역,15:29
1914,2023-01-30,열차내 사고,신설동(1)역,18:34
1915,2023-01-30,역구내 사고,애오개역,09:33
1916,2023-01-29,기타,고려대역,16:34
1917,2023-01-29,역구내 사고,고려대역,17:51
1918,2023-01-29,발빠짐,신촌역,22:07
1919,2023-01-28,열차내 사고,성신여대입구역,18:24
1920,2023-01-28,승강설비관련,논현역,07:04
1921,2023-01-28,발빠짐,동대문역사문화공원(2)역,18:58
1922,2023-01-28,역구내 사고,종로3가(3)역,22:07
1923,2023-01-27,역구내 사고,양재역,08:38
1924,2023-01-27,열차내 사고,고속터미널(3)역,09:10
1925,2023-01-26,역구내 사고,종합운동장역,08:19
1926,2023-01-26,역구내 사고,뚝섬유원지역,10:56
1927,2023-01-25,발빠짐,도봉산(7)역,06:56
1928,2023-01-25,발빠짐,서울(1)역,08:19
1929,2023-01-22,역구내 사고,고속터미널(3)역,06:47
1930,2023-01-22,역구내 사고,고속터미널(3)역,06:47
1931,2023-01-19,출입문관련,강동역,13:41
1932,2023-01-18,출입문관련,신도림(1)역,15:30
1933,2023-01-18,역구내 사고,온수(7)역,08:15
1934,2023-01-18,열차내 사고,철산역,08:39
1935,2023-01-17,출입문관련,삼성역,19:09
1936,2023-01-17,발빠짐,동대문역사문화공원(5)역,18:25
1937,2023-01-16,발빠짐,철산역,18:42
1938,2023-01-16,승강설비관련,사당(2)역,13:03
1939,2023-01-16,출입문관련,군자(5)역,07:40
1940,2023-01-15,승강설비관련,약수(3)역,08:59
1941,2023-01-14,발빠짐,충무로(3)역,09:26
1942,2023-01-12,출입문관련,수유역,17:44
1943,2023-01-10,발빠짐,구로디지털단지역,07:43
1944,2023-01-10,출입문관련,영등포구청(5)역,18:40
1945,2023-01-10,발빠짐,목동역,18:09
1946,2023-01-10,열차내 사고,동작역,15:40
1947,2023-01-09,열차내 사고,종로5가역,14:45
1948,2023-01-08,출입문관련,을지로입구역,16:36
1949,2023-01-06,열차내 사고,동대문(1)역,08:23
1950,2023-01-06,열차내 사고,시청(1)역,08:23
1951,2023-01-06,발빠짐,동대문역사문화공원(4)역,22:37
1952,2023-01-06,열차내 사고,구로역,08:24
1953,2023-01-06,열차내 사고,회기역,09:05
1954,2023-01-06,열차내 사고,시청(1)역,08:23
1955,2023-01-04,열차내 사고,구의역,12:13
1956,2023-01-04,역구내 사고,역삼역,18:05
1957,2023-01-04,열차내 사고,청량리역,10:30
1958,2023-01-03,열차내 사고,종각역,09:28
1959,2023-01-03,출입문관련,서울(4)역,09:56
1960,2023-01-02,열차내 사고,낙성대역,15:34
1961,2023-01-02,출입문관련,도화역,15:48
1962,2023-01-02,출입문관련,문래역,08:23
1963,2022-12-30,역구내 사고,광나루역,12:05
1964,2022-12-29,열차내 사고,을지로3가(3)역,18:18
1965,2022-12-27,열차내 사고,먹골역,11:05
1966,2022-12-27,열차내 사고,동묘앞(1)역,08:09
1967,2022-12-26,출입문관련,종로3가(3)역,15:58
1968,2022-12-26,역구내 사고,구파발(3)역,00:08
1969,2022-12-25,출입문관련,대림(7)역,16:27
1970,2022-12-25,출입문관련,장한평역,09:13
1971,2022-12-23,발빠짐,합정(6)역,18:43
1972,2022-12-22,출입문관련,을지로입구역,18:52
1973,2022-12-21,역구내 사고,보라매역,16:50
1974,2022-12-21,역구내 사고,용답역,16:21
1975,2022-12-21,역구내 사고,신도림역,18:10
1976,2022-12-20,승강설비관련,증산역,07:02
1977,2022-12-19,열차내 사고,종로3가(1)역,12:52
1978,2022-12-18,역구내 사고,창동역,07:03
1979,2022-12-18,역구내 사고,창동역,07:03
1980,2022-12-17,역구내 사고,문래역,08:48
1981,2022-12-16,출입문관련,동대문역사문화공원(2)역,14:39
1982,2022-12-16,열차내 사고,석촌역,08:01
1983,2022-12-15,역구내 사고,삼성역,20:45
1984,2022-12-15,역구내 사고,경복궁(3)역,14:37
1985,2022-12-15,승강설비관련,경복궁(3)역,21:49
1986,2022-12-15,열차내 사고,신도림역,12:42
1987,2022-12-12,열차내 사고,오금(3)역,16:53
1988,2022-12-12,역구내 사고,잠실새내역,20:11
1989,2022-12-11,역구내 사고,상봉역,22:28
1990,2022-12-10,출입문관련,회현역,20:43
1991,2022-12-09,열차내 사고,사당(4)역,08:50
1992,2022-12-09,출입문관련,교대(3)역,18:03
1993,2022-12-09,발빠짐,을지로3가(2)역,22:48
1994,2022-12-08,출입문관련,천호(8)역,07:52
1995,2022-12-08,역구내 사고,제기동역,14:56
1996,2022-12-07,발빠짐,철산역,18:30
1997,2022-12-07,열차내 사고,문정역,08:44
1998,2022-12-06,열차내 사고,삼송역,16:05
1999,2022-12-06,발빠짐,불광(3)역,09:00
2000,2022-12-06,역구내 사고,성수역,08:11
2001,2022-12-06,역구내 사고,삼성역,17:22
2002,2022-12-04,열차내 사고,청량리역,13:38
2003,2022-12-03,열차내 사고,신도림역,17:20
2004,2022-12-03,열차내 사고,신도림역,17:20
2005,2022-12-03,열차내 사고,신도림역,17:20
2006,2022-12-03,기타,건대입구(2)역,22:00
2007,2022-12-02,발빠짐,동대문역사문화공원(4)역,19:18
2008,2022-12-01,승강설비관련,화랑대역,14:56
2009,2022-12-01,승강설비관련,한성대입구역,11:12
2010,2022-11-30,열차내 사고,철산역,17:10
2011,2022-11-30,발빠짐,회현역,17:29
2012,2022-11-30,발빠짐,동대문역사문화공원(4)역,07:05
2013,2022-11-30,열차내 사고,연신내(3)역,18:35
2014,2022-11-30,열차내 사고,미아사거리역,10:22
2015,2022-11-30,발빠짐,서울(4)역,18:42
2016,2022-11-29,열차내 사고,신림역,08:22
2017,2022-11-29,출입문관련,동대문역사문화공원(2)역,08:29
2018,2022-11-29,발빠짐,을지로4가(2)역,08:54
2019,2022-11-29,출입문관련,종로3가(3)역,07:50
2020,2022-11-28,승강설비관련,사가정역,15:42
2021,2022-11-28,역구내 사고,신사역,22:05
2022,2022-11-27,승강설비관련,마곡역,15:49
2023,2022-11-26,열차내 사고,아현역,14:29
2024,2022-11-26,발빠짐,동대문(4)역,14:40
2025,2022-11-26,열차내 사고,서울(1)역,14:29
2026,2022-11-25,승강설비관련,압구정역,17:41
2027,2022-11-24,출입문관련,신림역,18:58
2028,2022-11-24,역구내 사고,역삼역,17:29
2029,2022-11-24,열차내 사고,서울(1)역,14:29
2030,2022-11-24,열차내 사고,을지로3가(2)역,10:38
2031,2022-11-24,역구내 사고,구의역,18:10
2032,2022-11-23,출입문관련,장승배기역,13:21
2033,2022-11-23,출입문관련,화곡역,16:18
2034,2022-11-22,발빠짐,왕십리(5)역,08:00
2035,2022-11-22,열차내 사고,혜화역,08:40
2036,2022-11-22,발빠짐,금호역,09:21
2037,2022-11-22,발빠짐,금호역,09:21
2038,2022-11-21,열차내 사고,개봉역,09:59
2039,2022-11-21,열차내 사고,천호(5)역,08:34
2040,2022-11-18,역구내 사고,잠실(2)역,13:21
2041,2022-11-17,출입문관련,압구정역,15:38
2042,2022-11-17,승강설비관련,합정(6)역,12:24
2043,2022-11-17,승강설비관련,합정(6)역,12:24
2044,2022-11-17,승강설비관련,옥수역,08:25
2045,2022-11-16,출입문관련,이촌역,15:42
2046,2022-11-16,열차내 사고,도봉산(7)역,08:10
2047,2022-11-16,열차내 사고,사가정역,08:12
2048,2022-11-15,출입문관련,천호(5)역,19:23
2049,2022-11-15,출입문관련,명일역,17:58
2050,2022-11-14,출입문관련,남위례역,08:35
2051,2022-11-12,출입문관련,왕십리(2)역,16:37
2052,2022-11-12,출입문관련,왕십리(2)역,17:00
2053,2022-11-09,발빠짐,고속터미널(7)역,15:39
2054,2022-11-09,출입문관련,동대문(1)역,13:34
2055,2022-11-08,승강설비관련,신정역,16:14
2056,2022-11-05,역구내 사고,구로디지털단지역,17:10
2057,2022-11-05,열차내 사고,압구정역,08:56
2058,2022-11-03,발빠짐,공릉역,23:04
2059,2022-11-03,열차내 사고,시청(1)역,08:09
2060,2022-11-03,열차내 사고,종각역,08:08
2061,2022-11-03,열차내 사고,시청(1)역,08:14
2062,2022-11-03,출입문관련,동대문역사문화공원(4)역,19:38
2063,2022-11-03,열차내 사고,서울(1)역,08:09
2064,2022-11-01,역구내 사고,숙대입구역,17:16
2065,2022-11-01,열차내 사고,이수(4)역,08:58
2066,2022-11-01,출입문관련,을지로3가(2)역,09:16
2067,2022-10-31,출입문관련,남부터미널역,05:57
2068,2022-10-29,발빠짐,옥수역,22:21
2069,2022-10-27,열차내 사고,철산역,19:10
2070,2022-10-26,발빠짐,동대문역사문화공원(4)역,08:29
2071,2022-10-24,발빠짐,동대문역사문화공원(4)역,07:49
2072,2022-10-24,열차내 사고,충무로(4)역,05:45
2073,2022-10-24,출입문관련,강일역,14:41
2074,2022-10-22,발빠짐,충무로(3)역,20:32
2075,2022-10-22,발빠짐,충무로(3)역,20:32
2076,2022-10-20,승강설비관련,문정역,19:02
2077,2022-10-19,출입문관련,회현역,09:00
2078,2022-10-18,출입문관련,교대(2)역,15:45
2079,2022-10-17,출입문관련,금호역,10:02
2080,2022-10-15,열차내 사고,하남시청역,17:00
2081,2022-10-15,열차내 사고,회기역,14:42
2082,2022-10-15,열차내 사고,신대방역,23:30
2083,2022-10-14,출입문관련,청구(6)역,13:02
2084,2022-10-14,열차내 사고,신림역,16:20
2085,2022-10-13,발빠짐,동대문(4)역,12:18
2086,2022-10-13,발빠짐,고속터미널(7)역,12:28
2087,2022-10-12,역구내 사고,을지로3가(2)역,15:56
2088,2022-10-11,열차내 사고,종각역,10:11
2089,2022-10-10,출입문관련,군자(7)역,15:20
2090,2022-10-10,역구내 사고,구파발(3)역,17:42
2091,2022-10-10,열차내 사고,안국역,16:20
2092,2022-10-09,열차내 사고,인덕원역,12:20
2093,2022-10-06,출입문관련,노원(7)역,14:03
2094,2022-10-06,역구내 사고,신도림역,21:25
2095,2022-10-05,출입문관련,교대(3)역,18:04
2096,2022-10-05,출입문관련,도봉산(7)역,19:44
2097,2022-10-05,출입문관련,종로3가(3)역,11:19
2098,2022-10-04,열차내 사고,선릉(2)역,08:23
2099,2022-10-02,출입문관련,혜화역,19:58
2100,2022-09-30,열차내 사고,논현역,08:36
2101,2022-09-30,열차내 사고,연신내(3)역,15:36
2102,2022-09-30,출입문관련,연신내(3)역,09:48
2103,2022-09-29,출입문관련,군자(5)역,18:45
2104,2022-09-28,발빠짐,가산디지털단지(7)역,18:16
2105,2022-09-24,발빠짐,충정로(2)역,16:12
2106,2022-09-23,역구내 사고,화곡역,08:37
2107,2022-09-22,출입문관련,천호(5)역,17:27
2108,2022-09-22,발빠짐,동대문역사문화공원(5)역,08:39
2109,2022-09-22,출입문관련,창동역,09:45
2110,2022-09-21,열차내 사고,산본역,11:58
2111,2022-09-20,출입문관련,신촌역,16:33
2112,2022-09-19,열차내 사고,대림(2)역,09:00
2113,2022-09-19,승강설비관련,혜화역,08:25
2114,2022-09-19,출입문관련,이수(4)역,09:08
2115,2022-09-17,발빠짐,동작역,16:20
2116,2022-09-17,출입문관련,동대문역사문화공원(5)역,11:28
2117,2022-09-16,열차내 사고,압구정역,09:07
2118,2022-09-16,열차내 사고,대림(2)역,16:38
2119,2022-09-16,역구내 사고,압구정역,08:16
2120,2022-09-11,승강설비관련,공덕(6)역,13:23
2121,2022-09-08,출입문관련,하남풍산역,16:17
2122,2022-09-07,발빠짐,압구정역,18:02
2123,2022-09-07,열차내 사고,여의도역,18:23
2124,2022-09-06,열차내 사고,상일동역,08:56
2125,2022-09-05,역구내 사고,이촌역,17:44
2126,2022-09-05,열차내 사고,쌍문역,14:51
2127,2022-09-05,승강설비관련,고덕역,12:26
2128,2022-09-04,열차내 사고,관악역,15:20
2129,2022-09-03,발빠짐,을지로3가(2)역,14:14
2130,2022-09-02,역구내 사고,디지털미디어시티역,09:05
2131,2022-09-01,열차내 사고,천호(5)역,19:03
2132,2022-09-01,역구내 사고,잠실(2)역,17:55
2133,2022-09-01,열차내 사고,까치울역,17:40
2134,2022-09-01,열차내 사고,사가정역,08:07
2135,2022-08-30,열차내 사고,동대문역사문화공원(5)역,13:43
2136,2022-08-30,출입문관련,신길역,18:28
2137,2022-08-30,열차내 사고,사당(4)역,19:27
2138,2022-08-30,승강설비관련,가산디지털단지(7)역,13:10
2139,2022-08-29,출입문관련,문정역,18:43
2140,2022-08-28,발빠짐,시청(2)역,09:52
2141,2022-08-25,역구내 사고,거여역,05:40
2142,2022-08-25,열차내 사고,하남시청역,18:50
2143,2022-08-24,발빠짐,문정역,18:07
2144,2022-08-23,발빠짐,동대문역사문화공원(4)역,06:50
2145,2022-08-23,출입문관련,을지로4가(2)역,18:57
2146,2022-08-22,역구내 사고,화랑대역,13:35
2147,2022-08-20,출입문관련,수유역,16:27
2148,2022-08-20,출입문관련,홍대입구역,23:33
2149,2022-08-19,출입문관련,군자(5)역,17:00
2150,2022-08-19,출입문관련,대림(7)역,08:28
2151,2022-08-19,출입문관련,동대문역사문화공원(4)역,16:08
2152,2022-08-18,발빠짐,고속터미널(7)역,15:00
2153,2022-08-17,발빠짐,충무로(3)역,08:48
2154,2022-08-16,승강설비관련,남구로역,07:21
2155,2022-08-16,출입문관련,도림천역,08:22
2156,2022-08-15,출입문관련,충무로(4)역,16:21
2157,2022-08-13,출입문관련,동대문(1)역,15:18
2158,2022-08-13,역구내 사고,미사역,11:30
2159,2022-08-12,발빠짐,시청(2)역,11:34
2160,2022-08-12,승강설비관련,가산디지털단지(7)역,08:17
2161,2022-08-12,출입문관련,서울(4)역,07:50
2162,2022-08-11,역구내 사고,서울(1)역,10:35
2163,2022-08-10,열차내 사고,강동역,06:44
2164,2022-08-09,역구내 사고,압구정역,12:14
2165,2022-08-08,발빠짐,충무로(3)역,16:47
2166,2022-08-07,열차내 사고,신당(6)역,12:28
2167,2022-08-05,열차내 사고,사당(4)역,19:50
2168,2022-08-05,열차내 사고,사가정역,22:00
2169,2022-08-03,출입문관련,대림(7)역,12:40
2170,2022-08-03,역구내 사고,대청역,05:12
2171,2022-08-03,역구내 사고,연신내(6)역,07:40
2172,2022-08-03,역구내 사고,사당(4)역,06:19
2173,2022-08-02,역구내 사고,용두역,13:00
2174,2022-08-02,역구내 사고,남구로역,18:05
2175,2022-08-01,발빠짐,신촌역,12:33
2176,2022-08-01,열차내 사고,제기동역,13:10
2177,2022-08-01,역구내 사고,구파발(3)역,08:24
2178,2022-08-01,발빠짐,신촌역,08:24
2179,2022-08-01,출입문관련,동대문역사문화공원(4)역,16:39
2180,2022-07-31,승강설비관련,사가정역,22:48
2181,2022-07-31,출입문관련,철산역,20:08
2182,2022-07-29,출입문관련,가락시장(8)역,17:21
2183,2022-07-29,출입문관련,망원역,13:26
2184,2022-07-27,발빠짐,철산역,08:20
2185,2022-07-27,출입문관련,건대입구(2)역,07:42
2186,2022-07-27,출입문관련,동대문역사문화공원(5)역,18:35
2187,2022-07-27,출입문관련,동대문역사문화공원(5)역,18:35
2188,2022-07-27,출입문관련,고려대역,18:33
2189,2022-07-26,발빠짐,경복궁(3)역,08:40
2190,2022-07-26,역구내 사고,영등포구청(2)역,17:40
2191,2022-07-25,출입문관련,대림(7)역,16:59
2192,2022-07-25,출입문관련,잠실(2)역,10:58
2193,2022-07-25,출입문관련,불광(3)역,08:24
2194,2022-07-25,출입문관련,연신내(3)역,10:50
2195,2022-07-23,출입문관련,범계역,18:15
2196,2022-07-22,열차내 사고,제기동역,15:28
2197,2022-07-22,열차내 사고,동대문(4)역,07:50
2198,2022-07-22,출입문관련,굽은다리역,22:01
2199,2022-07-21,출입문관련,영등포구청(5)역,10:21
2200,2022-07-21,역구내 사고,서울대입구역,17:25
2201,2022-07-21,출입문관련,고속터미널(3)역,17:36
2202,2022-07-21,출입문관련,충무로(4)역,19:00
2203,2022-07-19,역구내 사고,녹사평역,13:33
2204,2022-07-18,열차내 사고,방배역,17:58
2205,2022-07-16,발빠짐,고속터미널(7)역,16:36
2206,2022-07-16,출입문관련,사당(2)역,20:28
2207,2022-07-15,출입문관련,상록수역,09:45
2208,2022-07-15,승강설비관련,독립문역,09:36
2209,2022-07-15,열차내 사고,보라매역,18:40
2210,2022-07-14,승강설비관련,홍제역,15:35
2211,2022-07-14,발빠짐,성신여대입구역,10:45
2212,2022-07-14,역구내 사고,홍제역,15:35
2213,2022-07-14,출입문관련,강동역,08:39
2214,2022-07-13,출입문관련,건대입구(7)역,18:42
2215,2022-07-13,역구내 사고,성수역,15:45
2216,2022-07-13,발빠짐,천호(5)역,22:30
2217,2022-07-11,발빠짐,철산역,18:47
2218,2022-07-10,출입문관련,불광(3)역,19:25
2219,2022-07-09,역구내 사고,성수역,21:22
2220,2022-07-08,발빠짐,서울(1)역,20:19
2221,2022-07-08,출입문관련,수리산역,08:25
2222,2022-07-07,발빠짐,신촌역,21:13
2223,2022-07-06,출입문관련,충무로(3)역,12:39
2224,2022-07-05,출입문관련,마포역,17:47
2225,2022-07-05,출입문관련,신당(2)역,08:13
2226,2022-07-04,출입문관련,김포공항(5)역,15:20
2227,2022-07-03,발빠짐,철산역,12:24
2228,2022-07-01,열차내 사고,먹골역,08:30
2229,2022-07-01,발빠짐,구로디지털단지역,18:19
2230,2022-07-01,열차내 사고,여의도역,08:10
2231,2022-07-01,승강설비관련,오금(3)역,18:10
2232,2022-06-30,발빠짐,군자(7)역,08:23
2233,2022-06-30,역구내 사고,공릉역,08:16
2234,2022-06-30,역구내 사고,노원(7)역,11:04
2235,2022-06-30,열차내 사고,교대(2)역,08:50
2236,2022-06-29,출입문관련,신대방역,22:17
2237,2022-06-29,열차내 사고,이촌역,18:15
2238,2022-06-29,열차내 사고,사당(4)역,16:16
2239,2022-06-29,역구내 사고,방배역,16:51
2240,2022-06-28,열차내 사고,광화문역,06:45
2241,2022-06-28,역구내 사고,광흥창역,16:30
2242,2022-06-28,역구내 사고,광화문역,22:20
2243,2022-06-27,출입문관련,상일동역,18:15
2244,2022-06-27,열차내 사고,선릉(2)역,18:24
2245,2022-06-27,기타,노원(4)역,15:00
2246,2022-06-27,출입문관련,사당(2)역,14:08
2247,2022-06-27,열차내 사고,선릉(2)역,18:24
2248,2022-06-25,출입문관련,청량리역,18:26
2249,2022-06-24,발빠짐,동대문역사문화공원(5)역,23:10
2250,2022-06-24,열차내 사고,양재역,08:20
2251,2022-06-23,역구내 사고,건대입구(2)역,00:00
2252,2022-06-23,출입문관련,대청(3)역,19:54
2253,2022-06-23,출입문관련,상봉역,17:07
2254,2022-06-23,승강설비관련,학동역,19:09
2255,2022-06-21,발빠짐,단대오거리역,08:57
2256,2022-06-18,열차내 사고,충정로(5)역,17:17
2257,2022-06-17,발빠짐,동대문역사문화공원(4)역,18:30
2258,2022-06-15,승강설비관련,구산역,17:00
2259,2022-06-14,출입문관련,우장산역,15:56
2260,2022-06-14,출입문관련,봉천역,11:59
2261,2022-06-13,열차내 사고,K4543열차,08:31
2262,2022-06-13,열차내 사고,이태원역,08:31
2263,2022-06-13,발빠짐,성신여대입구역,14:03
2264,2022-06-12,발빠짐,신촌역,14:02
2265,2022-06-12,발빠짐,발산역,16:50
2266,2022-06-11,열차내 사고,도봉산(7)역,20:43
2267,2022-06-10,열차내 사고,군자(7)역,08:14
2268,2022-06-09,발빠짐,동대문역사문화공원(4)역,08:35
2269,2022-06-08,승강설비관련,상도역,11:02
2270,2022-06-08,열차내 사고,천호(8)역,08:30
2271,2022-06-07,발빠짐,충무로(3)역,08:28
2272,2022-06-06,발빠짐,서울(1)역,16:01
2273,2022-06-02,출입문관련,강동역,07:43
2274,2022-06-02,출입문관련,양재역,08:21
2275,2022-06-02,열차내 사고,군자(7)역,08:11
2276,2022-05-31,역구내 사고,신도림역,18:36
2277,2022-05-31,출입문관련,이수(7)역,17:54
2278,2022-05-30,발빠짐,구로디지털단지역,17:23
2279,2022-05-29,승강설비관련,잠실(2)역,17:42
2280,2022-05-26,출입문관련,을지로입구역,17:20
2281,2022-05-25,출입문관련,명동역,19:14
2282,2022-05-25,승강설비관련,대치역,08:06
2283,2022-05-25,출입문관련,교대(3)역,19:18
2284,2022-05-24,역구내 사고,숙대입구역,09:32
2285,2022-05-23,역구내 사고,이촌역,14:58
2286,2022-05-20,열차내 사고,대림(7)역,08:35
2287,2022-05-20,발빠짐,합정(6)역,18:35
2288,2022-05-20,출입문관련,잠실(2)역,21:46
2289,2022-05-18,역구내 사고,동대문(1)역,10:26
2290,2022-05-18,출입문관련,동대문역사문화공원(4)역,11:34
2291,2022-05-17,발빠짐,동대문역사문화공원(4)역,10:55
2292,2022-05-17,출입문관련,천호(5)역,09:35
2293,2022-05-14,발빠짐,신촌역,15:16
2294,2022-05-14,승강설비관련,낙성대역,18:33
2295,2022-05-14,출입문관련,암사역,18:46
2296,2022-05-14,출입문관련,산본역,19:53
2297,2022-05-13,출입문관련,대림(7)역,18:42
2298,2022-05-13,출입문관련,미아사거리역,17:47
2299,2022-05-12,발빠짐,문정역,08:32
2300,2022-05-12,출입문관련,대림(7)역,17:09
2301,2022-05-12,역구내 사고,홍대입구역,00:04
2302,2022-05-11,역구내 사고,굽은다리역,09:06
2303,2022-05-11,승강설비관련,방배역,08:53
2304,2022-05-11,역구내 사고,월곡역,17:46
2305,2022-05-10,발빠짐,강남역,17:23
2306,2022-05-09,발빠짐,성신여대입구역,23:31
2307,2022-05-09,출입문관련,동대문역사문화공원(2)역,12:36
2308,2022-05-09,출입문관련,군자(5)역,08:34
2309,2022-05-08,발빠짐,경찰병원역,21:49
2310,2022-05-07,열차내 사고,시청(1)역,13:45
2311,2022-05-07,출입문관련,동대문(4)역,12:39
2312,2022-05-06,열차내 사고,신도림역,20:41
2313,2022-05-04,역구내 사고,왕십리(5)역,22:00
2314,2022-05-04,출입문관련,대야미역,17:45
2315,2022-05-04,출입문관련,신도림역,16:42
2316,2022-05-04,발빠짐,충정로(2)역,18:30
2317,2022-05-04,출입문관련,천호(5)역,15:21
2318,2022-05-03,역구내 사고,혜화역,16:37
2319,2022-05-03,출입문관련,합정(2)역,08:27
2320,2022-05-02,열차내 사고,쌍문역,07:05
2321,2022-05-02,출입문관련,신림역,09:55
2322,2022-04-30,역구내 사고,마포구청역,13:53
2323,2022-04-29,발빠짐,고속터미널(3)역,17:14
2324,2022-04-28,출입문관련,신길역,08:29
2325,2022-04-28,역구내 사고,사가정역,00:00
2326,2022-04-26,출입문관련,군자(5)역,08:34
2327,2022-04-25,발빠짐,발산역,12:53
2328,2022-04-22,발빠짐,교대(2)역,15:55
2329,2022-04-20,출입문관련,석계(6)역,18:34
2330,2022-04-19,출입문관련,발산역,08:53
2331,2022-04-18,발빠짐,도봉산(7)역,18:46
2332,2022-04-17,출입문관련,복정역,11:58
2333,2022-04-16,출입문관련,종로3가(3)역,20:51
2334,2022-04-16,발빠짐,동대입구역,18:17
2335,2022-04-15,발빠짐,동대문역사문화공원(4)역,13:32
2336,2022-04-15,출입문관련,삼성역,08:40
2337,2022-04-14,발빠짐,구로디지털단지역,22:28
2338,2022-04-14,역구내 사고,동대문역사문화공원(2)역,08:29
2339,2022-04-13,열차내 사고,우장산역,12:15
2340,2022-04-12,열차내 사고,금정역,09:00
2341,2022-04-11,출입문관련,동대문역사문화공원(4)역,16:13
2342,2022-04-09,출입문관련,영등포역,05:35
2343,2022-04-09,역구내 사고,사당(2)역,06:47
2344,2022-04-09,출입문관련,사당(4)역,17:44
2345,2022-04-09,역구내 사고,중화역,22:10
2346,2022-04-09,역구내 사고,신도림역,15:46
2347,2022-04-07,열차내 사고,신도림역,21:31
2348,2022-04-07,역구내 사고,가락시장(8)역,21:21
2349,2022-04-07,출입문관련,노원(4)역,07:30
2350,2022-04-07,출입문관련,충무로(3)역,07:42
2351,2022-04-05,출입문관련,뚝섬역,12:34
2352,2022-04-05,기타,노원(4)역,07:26
2353,2022-04-02,발빠짐,동대문역사문화공원(4)역,19:36
2354,2022-04-02,출입문관련,고속터미널(3)역,14:32
2355,2022-04-01,출입문관련,하남검단산역,06:53
2356,2022-04-01,역구내 사고,몽촌토성역,12:55
2357,2022-03-31,출입문관련,일원역,14:57
2358,2022-03-31,발빠짐,충무로(3)역,16:34
2359,2022-03-30,열차내 사고,회현역,11:03
2360,2022-03-29,열차내 사고,쌍문역,08:40
2361,2022-03-29,역구내 사고,어린이대공원역,16:20
2362,2022-03-28,출입문관련,삼성역,08:15
2363,2022-03-28,발빠짐,충무로(3)역,09:00
2364,2022-03-28,열차내 사고,서울(1)역,19:02
2365,2022-03-27,역구내 사고,잠실(2)역,11:15
2366,2022-03-26,역구내 사고,을지로입구역,15:38
2367,2022-03-25,역구내 사고,구로디지털단지역,22:29
2368,2022-03-25,역구내 사고,구로디지털단지역,22:29
2369,2022-03-25,출입문관련,신정네거리역,08:10
2370,2022-03-24,발빠짐,신림역,18:00
2371,2022-03-24,역구내 사고,구파발(3)역,07:45
2372,2022-03-23,역구내 사고,경복궁(3)역,14:19
2373,2022-03-22,열차내 사고,역삼역,17:40
2374,2022-03-22,출입문관련,동대문역사문화공원(2)역,09:10
2375,2022-03-22,출입문관련,구의역,22:11
2376,2022-03-21,역구내 사고,합정(2)역,13:40
2377,2022-03-16,발빠짐,시청(2)역,18:30
2378,2022-03-14,열차내 사고,수유역,18:16
2379,2022-03-13,역구내 사고,신당(6)역,08:20
2380,2022-03-11,출입문관련,을지로4가(2)역,18:52
2381,2022-03-08,승강설비관련,수락산역,16:05
2382,2022-03-07,발빠짐,합정(6)역,08:15
2383,2022-03-07,출입문관련,양재역,08:42
2384,2022-03-05,출입문관련,둔촌역,13:26
2385,2022-03-04,출입문관련,신사역,10:18
2386,2022-03-02,승강설비관련,상봉역,18:10
2387,2022-02-25,역구내 사고,약수(3)역,07:55
2388,2022-02-24,역구내 사고,남태령역,23:16
2389,2022-02-23,역구내 사고,구로디지털단지역,11:06
2390,2022-02-23,발빠짐,신길역,11:42
2391,2022-02-20,출입문관련,가산디지털단지(7)역,17:20
2392,2022-02-19,열차내 사고,서울(1)역,17:43
2393,2022-02-17,출입문관련,사당(4)역,19:06
2394,2022-02-15,열차내 사고,혜화역,19:05
2395,2022-02-14,승강설비관련,영등포구청(5)역,15:16
2396,2022-02-14,역구내 사고,종로3가(3)역,21:05
2397,2022-02-11,역구내 사고,잠실(2)역,08:15
2398,2022-02-09,역구내 사고,잠실(2)역,16:44
2399,2022-02-08,역구내 사고,강남역,14:02
2400,2022-02-08,열차내 사고,노량진(1)역,17:58
2401,2022-02-07,출입문관련,수유역,19:05
2402,2022-02-07,열차내 사고,한성대입구역,10:05
2403,2022-02-05,역구내 사고,연신내(3)역,15:40
2404,2022-02-05,출입문관련,군자(5)역,16:35
2405,2022-02-05,출입문관련,서울대입구역,16:55
2406,2022-02-01,역구내 사고,안암역,07:10
2407,2022-01-30,승강설비관련,종로3가(3)역,09:06
2408,2022-01-29,출입문관련,이수(7)역,17:08
2409,2022-01-28,출입문관련,가락시장(3)역,07:32
2410,2022-01-28,열차내 사고,오금(3)역,11:30
2411,2022-01-28,출입문관련,충무로(4)역,15:52
2412,2022-01-28,출입문관련,동대문역사문화공원(4)역,13:35
2413,2022-01-27,열차내 사고,동대문역사문화공원(2)역,14:30
2414,2022-01-26,승강설비관련,청량리역,11:55
2415,2022-01-25,열차내 사고,까치산(5)역,21:16
2416,2022-01-23,역구내 사고,삼각지(6)역,14:30
2417,2022-01-23,발빠짐,을지로3가(2)역,14:51
2418,2022-01-22,열차내 사고,상도역,13:27
2419,2022-01-22,출입문관련,숙대입구역,11:50
2420,2022-01-21,역구내 사고,회현역,14:06
2421,2022-01-21,역구내 사고,월드컵경기장역,16:01
2422,2022-01-21,발빠짐,동대문역사문화공원(4)역,07:28
2423,2022-01-21,역구내 사고,동대문(1)역,13:00
2424,2022-01-21,역구내 사고,잠실나루역,21:40
2425,2022-01-20,역구내 사고,종로3가(3)역,14:15
2426,2022-01-19,역구내 사고,구산역,16:25
2427,2022-01-19,역구내 사고,낙성대역,10:07
2428,2022-01-19,열차내 사고,월곡역,16:06
2429,2022-01-19,역구내 사고,청량리역,13:40
2430,2022-01-19,역구내 사고,노원(7)역,10:25
2431,2022-01-18,출입문관련,선릉(2)역,19:12
2432,2022-01-17,출입문관련,이수(4)역,12:41
2433,2022-01-17,출입문관련,잠실(2)역,22:26
2434,2022-01-15,역구내 사고,장지역,16:52
2435,2022-01-14,출입문관련,수유역,10:29
2436,2022-01-13,승강설비관련,미사역,09:53
2437,2022-01-13,발빠짐,경복궁(3)역,08:53
2438,2022-01-11,열차내 사고,석계(1)역,18:45
2439,2022-01-07,역구내 사고,장한평역,11:00
2440,2022-01-06,출입문관련,충무로(3)역,08:03
2441,2022-01-03,승강설비관련,방화역,08:29
2442,2022-01-02,열차내 사고,신도림(1)역,09:50
2443,2021-12-30,승강설비관련,동대문(4)역,15:32
2444,2021-12-29,발빠짐,압구정역,12:33
2445,2021-12-27,역구내 사고,회현역,17:40
2446,2021-12-26,기타,창동역,00:00
2447,2021-12-26,승강설비관련,서울대입구역,13:58
2448,2021-12-25,역구내 사고,홍대입구역,18:04
2449,2021-12-24,열차내 사고,신도림역,08:10
2450,2021-12-22,출입문관련,동대문역사문화공원(2)역,08:34
2451,2021-12-20,출입문관련,남부터미널역,14:52
2452,2021-12-20,역구내 사고,신설동(1)역,08:45
2453,2021-12-19,역구내 사고,미사역,07:46
2454,2021-12-19,승강설비관련,동대문역사문화공원(4)역,18:23
2455,2021-12-18,역구내 사고,교대(3)역,22:30
2456,2021-12-17,출입문관련,구로디지털단지역,17:25
2457,2021-12-14,발빠짐,신금호역,17:30
2458,2021-12-13,열차내 사고,신이문역,10:35
2459,2021-12-10,승강설비관련,상도역,13:02
2460,2021-12-09,출입문관련,미아사거리역,17:10
2461,2021-12-07,출입문관련,가락시장(8)역,12:06
2462,2021-12-04,출입문관련,강남역,10:48
2463,2021-12-04,발빠짐,연신내(6)역,12:03
2464,2021-12-03,출입문관련,굽은다리역,16:13
2465,2021-12-03,역구내 사고,교대(3)역,10:04
2466,2021-12-02,출입문관련,개롱역,08:22
2467,2021-11-30,발빠짐,천왕역,09:32
2468,2021-11-30,기타,상계역,07:20
2469,2021-11-29,발빠짐,사당(2)역,08:23
2470,2021-11-27,역구내 사고,봉천역,21:00
2471,2021-11-26,승강설비관련,상동역,19:19
2472,2021-11-26,출입문관련,교대(3)역,21:33
2473,2021-11-26,출입문관련,안양역,09:15
2474,2021-11-24,열차내 사고,이수(7)역,08:19
2475,2021-11-23,열차내 사고,동대문역사문화공원(4)역,14:35
2476,2021-11-20,출입문관련,올림픽공원역,15:35
2477,2021-11-17,열차내 사고,동묘앞(1)역,18:35
2478,2021-11-17,열차내 사고,동묘앞(1)역,18:35
2479,2021-11-17,역구내 사고,강동역,17:30
2480,2021-11-15,출입문관련,동대문(1)역,22:22
2481,2021-11-14,출입문관련,신금호역,17:56
2482,2021-11-14,승강설비관련,잠실새내역,18:04
2483,2021-11-13,출입문관련,강동역,20:17
2484,2021-11-12,열차내 사고,방배역,08:44
2485,2021-11-10,승강설비관련,성신여대입구역,12:47
2486,2021-11-09,출입문관련,홍대입구역,19:55
2487,2021-11-09,역구내 사고,장한평역,12:57
2488,2021-11-09,역구내 사고,먹골역,10:19
2489,2021-11-08,역구내 사고,신림역,08:13
2490,2021-11-06,발빠짐,이수(4)역,19:52
2491,2021-11-05,역구내 사고,서울대입구역,12:00
2492,2021-11-05,역구내 사고,연신내(6)역,21:44
2493,2021-11-05,출입문관련,대화역,13:44
2494,2021-11-05,출입문관련,교대(2)역,13:50
2495,2021-11-04,역구내 사고,쌍문역,16:04
2496,2021-11-03,발빠짐,성신여대입구역,16:04
2497,2021-11-02,열차내 사고,구로디지털단지역,08:30
2498,2021-11-02,출입문관련,고속터미널(7)역,10:16
2499,2021-11-02,출입문관련,성신여대입구역,12:01
2500,2021-11-02,출입문관련,창동역,08:39
2501,2021-11-02,출입문관련,종로3가(5)역,22:34
2502,2021-11-01,출입문관련,고속터미널(3)역,18:30
2503,2021-11-01,발빠짐,동대문역사문화공원(5)역,21:37
2504,2021-10-30,출입문관련,경복궁역 ,15:03
2505,2021-10-30,출입문관련,경복궁역 ,15:03
2506,2021-10-30,출입문관련,강남역,16:26
2507,2021-10-30,출입문관련,부평(1)역,19:06
2508,2021-10-28,출입문관련,강남구청역,16:35
2509,2021-10-28,역구내 사고,신풍역,06:48
2510,2021-10-26,열차내 사고,열차내,16:30
2511,2021-10-26,출입문관련,동대문역사문화공원(4)역,20:56
2512,2021-10-25,출입문관련,수유역,07:39
2513,2021-10-25,출입문관련,독립문역,18:03
2514,2021-10-23,출입문관련,사당(2)역,18:05
2515,2021-10-22,출입문관련,신설동(1)역,16:06
2516,2021-10-22,출입문관련,태릉입구(7)역,11:37
2517,2021-10-22,출입문관련,가락시장(3)역,08:39
2518,2021-10-21,승강설비관련,고속터미널(7)역,07:55
2519,2021-10-21,열차내 사고,방배역,09:40
2520,2021-10-20,출입문관련,당고개역,17:43
2521,2021-10-20,발빠짐,공릉역,07:48
2522,2021-10-20,열차내 사고,봉화산역,10:45
2523,2021-10-19,출입문관련,시청(2)역,07:34
2524,2021-10-18,역구내 사고,하계역,09:25
2525,2021-10-18,승강설비관련,사당(4)역,21:35
2526,2021-10-15,승강설비관련,삼각지(6)역,08:28
2527,2021-10-15,열차내 사고,서울대입구역,17:00
2528,2021-10-15,역구내 사고,이수(7)역,17:10
2529,2021-10-14,출입문관련,역삼역,08:40
2530,2021-10-13,발빠짐,경찰병원역,16:48
2531,2021-10-13,역구내 사고,고속터미널(3)역,20:50
2532,2021-10-13,출입문관련,논현역,09:02
2533,2021-10-12,열차내 사고,신도림역,07:58
2534,2021-10-11,기타,수락산역,09:40
2535,2021-10-11,기타,수락산역,09:40
2536,2021-10-09,역구내 사고,종로3가(3)역,07:00
2537,2021-10-08,발빠짐,신촌역,15:43
2538,2021-10-08,발빠짐,방배역,19:02
2539,2021-10-08,출입문관련,문정역,07:31
2540,2021-10-08,출입문관련,건대입구(2)역,20:10
2541,2021-10-08,역구내 사고,성수역,10:35
2542,2021-10-07,역구내 사고,노원(7)역,12:52
2543,2021-10-07,역구내 사고,을지로4가역,13:25
2544,2021-10-06,발빠짐,동대문(1)역,17:04
2545,2021-10-03,출입문관련,우장산역,16:18
2546,2021-10-01,역구내 사고,잠실(8)역,11:44
2547,2021-09-29,출입문관련,오이도역,07:57
2548,2021-09-29,승강설비관련,신당(2)역,08:25
2549,2021-09-28,발빠짐,압구정역,18:13
2550,2021-09-28,출입문관련,신사역,15:14
2551,2021-09-28,출입문관련,창동역,09:08
2552,2021-09-28,출입문관련,광나루역,12:08
2553,2021-09-28,역구내 사고,강남역,09:15
2554,2021-09-27,출입문관련,종로3가(3)역,08:32
2555,2021-09-27,출입문관련,미아사거리역,13:11
2556,2021-09-27,열차내 사고,도봉산(7)역,19:33
2557,2021-09-25,발빠짐,신촌역,12:17
2558,2021-09-24,기타,뚝섬역,01:30
2559,2021-09-23,출입문관련,천호(5)역,10:02
2560,2021-09-18,역구내 사고,선릉(2)역,18:57
2561,2021-09-16,출입문관련,목동역,12:29
2562,2021-09-16,출입문관련,미아사거리역,10:09
2563,2021-09-15,출입문관련,충무로(4)역,10:22
2564,2021-09-15,출입문관련,금정역,08:15
2565,2021-09-15,출입문관련,동대문역사문화공원(4)역,09:45
2566,2021-09-14,열차내 사고,어린이대공원역,08:26
2567,2021-09-14,발빠짐,연신내(6)역,15:27
2568,2021-09-14,출입문관련,회현역,17:04
2569,2021-09-14,출입문관련,경복궁역 ,11:04
2570,2021-09-14,출입문관련,인덕원역,19:05
2571,2021-09-10,출입문관련,고속터미널(7)역,09:58
2572,2021-09-08,열차내 사고,사당(2)역,18:56
2573,2021-09-08,열차내 사고,방배역,18:57
2574,2021-09-07,열차내 사고,영등포구청(2)역,14:47
2575,2021-09-07,역구내 사고,구의역,10:04
2576,2021-09-07,역구내 사고,구로디지털단지역,18:20
2577,2021-09-07,역구내 사고,춘의역,07:22
2578,2021-09-07,출입문관련,상일동역,19:34
2579,2021-09-04,출입문관련,교대(3)역,13:17
2580,2021-09-03,출입문관련,김포공항(5)역,16:47
2581,2021-09-03,역구내 사고,아현역,17:33
2582,2021-09-01,발빠짐,서울(1)역,08:07
2583,2021-09-01,열차내 사고,방배역,18:21
2584,2021-08-31,역구내 사고,신도림역,16:56
2585,2021-08-31,출입문관련,신사역,09:15
2586,2021-08-31,발빠짐,고속터미널(7)역,18:23
2587,2021-08-30,출입문관련,까치산(5)역,18:37
2588,2021-08-30,열차내 사고,구일역,08:28
2589,2021-08-29,발빠짐,고속터미널(7)역,17:20
2590,2021-08-27,발빠짐,동대문역사문화공원(4)역,08:44
2591,2021-08-27,출입문관련,양재역,15:05
2592,2021-08-26,발빠짐,압구정역,15:30
2593,2021-08-24,열차내 사고,동묘앞(1)역,07:32
2594,2021-08-24,역구내 사고,회현역,16:00
2595,2021-08-21,역구내 사고,삼산체육관역,09:25
2596,2021-08-21,열차내 사고,당고개역,13:51
2597,2021-08-19,발빠짐,동대문역사문화공원(4)역,05:53
2598,2021-08-15,출입문관련,미아사거리역,10:34
2599,2021-08-14,출입문관련,한성대입구역,14:00
2600,2021-08-13,역구내 사고,사당(2)역,14:31
2601,2021-08-12,출입문관련,잠실(2)역,18:14
2602,2021-08-12,역구내 사고,성수역,18:05
2603,2021-08-11,기타,구의역,08:50
2604,2021-08-10,발빠짐,압구정역,16:37
2605,2021-08-09,출입문관련,창동역,18:14
2606,2021-08-08,출입문관련,상일동역,11:07
2607,2021-08-08,출입문관련,장지역,13:21
2608,2021-08-07,승강설비관련,가락시장(3)역,06:31
2609,2021-08-06,발빠짐,신촌역,17:34
2610,2021-08-06,역구내 사고,영등포구청(5)역,08:20
2611,2021-08-05,발빠짐,서울(1)역,18:23
2612,2021-08-04,출입문관련,공덕(5)역,17:00
2613,2021-08-02,출입문관련,수유역,11:27
2614,2021-08-02,열차내 사고,신길역,08:14
2615,2021-07-31,역구내 사고,화랑대역,06:52
2616,2021-07-29,출입문관련,신설동(1)역,19:43
2617,2021-07-29,열차내 사고,송파역,17:16
2618,2021-07-29,역구내 사고,신대방삼거리역,08:58
2619,2021-07-28,발빠짐,연신내(6)역,15:11
2620,2021-07-28,출입문관련,구의역,08:34
2621,2021-07-24,승강설비관련,교대(2)역,17:07
2622,2021-07-22,열차내 사고,까치울역,10:06
2623,2021-07-19,출입문관련,군자(5)역,08:14
2624,2021-07-18,역구내 사고,합정(2)역,05:38
2625,2021-07-16,역구내 사고,제기동역,16:36
2626,2021-07-16,역구내 사고,신도림역,08:14
2627,2021-07-13,출입문관련,구파발(3)역,21:25
2628,2021-07-09,열차내 사고,영등포구청(2)역,18:55
2629,2021-07-09,발빠짐,서울(1)역,16:05
2630,2021-07-09,열차내 사고,문래역,18:40
2631,2021-07-09,발빠짐,아현역,16:28
2632,2021-07-09,열차내 사고,영등포구청(2)역,18:35
2633,2021-07-09,역구내 사고,제기동역,15:45
2634,2021-07-08,열차내 사고,수락산역,08:37
2635,2021-07-07,역구내 사고,서울(4)역,15:37
2636,2021-07-05,출입문관련,강남역,07:45
2637,2021-07-04,역구내 사고,봉천역,13:46
2638,2021-07-02,발빠짐,동대문역사문화공원(4)역,08:20
2639,2021-06-30,역구내 사고,태릉입구(6)역,13:21
2640,2021-06-28,출입문관련,하남풍산역,16:11
2641,2021-06-28,출입문관련,산본역,17:41
2642,2021-06-27,발빠짐,구로디지털단지역,11:33
2643,2021-06-27,역구내 사고,경복궁역 ,19:59
2644,2021-06-26,출입문관련,사당(2)역,17:35
2645,2021-06-26,출입문관련,사당(4)역,18:53
2646,2021-06-25,출입문관련,교대(3)역,18:27
2647,2021-06-21,출입문관련,상계역,18:17
2648,2021-06-21,출입문관련,홍대입구역,17:55
2649,2021-06-18,출입문관련,천호(5)역,18:50
2650,2021-06-18,승강설비관련,신림역,08:20
2651,2021-06-17,역구내 사고,길음역,12:37
2652,2021-06-17,출입문관련,방화역,15:00
2653,2021-06-15,역구내 사고,상동역,07:52
2654,2021-06-14,승강설비관련,합정(6)역,08:03
2655,2021-06-12,출입문관련,강남역,13:56
2656,2021-06-10,출입문관련,교대(2)역,19:29
2657,2021-06-10,발빠짐,회현역,18:57
2658,2021-06-10,열차내 사고,단대오거리역,07:45
2659,2021-06-10,출입문관련,교대(3)역,18:55
2660,2021-06-07,발빠짐,이수(7)역,08:08
2661,2021-06-06,역구내 사고,천왕역,07:58
2662,2021-06-06,발빠짐,목동역,21:48
2663,2021-06-06,기타,동작역,13:00
2664,2021-06-03,역구내 사고,신정네거리역,00:05
2665,2021-06-03,승강설비관련,상동역,14:18
2666,2021-06-02,출입문관련,미아역,22:28
2667,2021-06-02,승강설비관련,오금(3)역,09:08
2668,2021-06-01,출입문관련,종로3가(5)역,14:45
2669,2021-05-31,역구내 사고,종로5가역,12:07
2670,2021-05-31,출입문관련,동묘앞(1)역,19:14
2671,2021-05-29,발빠짐,고속터미널(7)역,12:07
2672,2021-05-28,열차내 사고,앙재역,07:50
2673,2021-05-28,열차내 사고,사당(4)역,07:50
2674,2021-05-28,열차내 사고,구파발(3)역,08:30
2675,2021-05-28,역구내 사고,성신여대입구역,09:32
2676,2021-05-28,열차내 사고,녹번역,08:03
2677,2021-05-28,출입문관련,종로5가역,08:40
2678,2021-05-27,발빠짐,보문역,08:21
2679,2021-05-27,출입문관련,공덕(5)역,18:47
2680,2021-05-27,역구내 사고,왕십리(2)역,22:19
2681,2021-05-26,출입문관련,명동역,14:38
2682,2021-05-26,출입문관련,건대입구(7)역,17:30
2683,2021-05-26,출입문관련,서울(4)역,17:48
2684,2021-05-26,발빠짐,응암역,09:46
2685,2021-05-24,출입문관련,동대문역사문화공원(4)역,18:37
2686,2021-05-24,열차내 사고,당산(2)역,21:55
2687,2021-05-22,열차내 사고,고속터미널(3)역,16:00
2688,2021-05-21,역구내 사고,고속터미널(3)역,20:55
2689,2021-05-20,출입문관련,발산역,17:36
2690,2021-05-18,열차내 사고,청량리역,12:11
2691,2021-05-15,출입문관련,잠실(2)역,12:29
2692,2021-05-15,발빠짐,회현역,13:16
2693,2021-05-14,역구내 사고,당산(2)역,21:41
2694,2021-05-12,출입문관련,미아사거리역,07:52
2695,2021-05-11,발빠짐,신길역,09:53
2696,2021-05-10,출입문관련,사당(2)역,18:38
2697,2021-05-10,열차내 사고,동대문(4)역,10:37
2698,2021-05-10,열차내 사고,군자(7)역,08:25
2699,2021-05-08,출입문관련,창동역,11:17
2700,2021-05-04,발빠짐,동대문역사문화공원(4)역,08:44
2701,2021-05-03,출입문관련,광명사거리역,18:13
2702,2021-05-03,열차내 사고,건대입구(2)역,16:13
2703,2021-05-02,출입문관련,영등포시장역,14:31
2704,2021-04-30,승강설비관련,종로3가(3)역,14:06
2705,2021-04-30,열차내 사고,신당(2)역,21:30
2706,2021-04-30,열차내 사고,대화역,14:00
2707,2021-04-29,역구내 사고,광화문역,09:25
2708,2021-04-23,출입문관련,동대문역사문화공원(5)역,17:56
2709,2021-04-22,출입문관련,회현역,18:50
2710,2021-04-21,열차내 사고,합정(2)역,09:57
2711,2021-04-20,출입문관련,용마산역,21:08
2712,2021-04-20,출입문관련,양재역,18:06
2713,2021-04-19,발빠짐,충무로(3)역,08:57
2714,2021-04-17,출입문관련,혜화역,11:08
2715,2021-04-14,열차내 사고,청량리역,16:30
2716,2021-04-13,열차내 사고,강일역,07:54
2717,2021-04-12,출입문관련,잠실(8)역,17:39
2718,2021-04-12,역구내 사고,잠원역,22:00
2719,2021-04-12,승강설비관련,천호(5)역,14:19
2720,2021-04-11,출입문관련,혜화역,12:21
2721,2021-04-09,출입문관련,신도림역,12:44
2722,2021-04-08,열차내 사고,화곡역,16:22
2723,2021-04-08,출입문관련,대림(7)역,09:42
2724,2021-04-08,열차내 사고,고속터미널(7)역,08:25
2725,2021-04-07,출입문관련,여의도역,18:21
2726,2021-04-06,출입문관련,건대입구(7)역,07:57
2727,2021-04-05,역구내 사고,창동역,09:50
2728,2021-04-05,출입문관련,노원(4)역,09:33
2729,2021-04-05,열차내 사고,공릉역,08:27
2730,2021-04-05,출입문관련,신도림역,14:16
2731,2021-04-01,열차내 사고,종로5가역,07:09
2732,2021-04-01,승강설비관련,신도림역,10:59
2733,2021-04-01,승강설비관련,신도림역,10:59
2734,2021-04-01,출입문관련,제기동역,14:22
2735,2021-04-01,승강설비관련,신도림역,10:49
2736,2021-03-31,출입문관련,목동역,09:26
2737,2021-03-31,출입문관련,을지로3가(2)역,15:11
2738,2021-03-29,출입문관련,주안역,16:45
2739,2021-03-29,출입문관련,상도역,17:37
2740,2021-03-27,열차내 사고,신도림역,15:50
2741,2021-03-27,역구내 사고,새절역,22:57
2742,2021-03-26,역구내 사고,영등포시장역,08:50
2743,2021-03-23,역구내 사고,사당(4)역,08:30
2744,2021-03-23,출입문관련,어린이대공원역,13:58
2745,2021-03-20,출입문관련,신림역,18:27
2746,2021-03-19,출입문관련,신도림역,16:25
2747,2021-03-18,역구내 사고,상계역,13:30
2748,2021-03-17,출입문관련,군자(7)역,09:51
2749,2021-03-15,발빠짐,을지로4가역,08:26
2750,2021-03-15,출입문관련,쌍문역,13:29
2751,2021-03-10,출입문관련,신당(2)역,16:30
2752,2021-03-09,발빠짐,신당(2)역,08:35
2753,2021-03-09,역구내 사고,상동역,17:55
2754,2021-03-09,역구내 사고,상동역,18:00
2755,2021-03-06,역구내 사고,구로디지털단지역,18:30
2756,2021-03-05,열차내 사고,방배역,18:40
2757,2021-03-05,열차내 사고,신도림역,18:30
2758,2021-03-05,열차내 사고,신도림역,18:30
2759,2021-03-05,열차내 사고,신림역,18:40
2760,2021-03-04,발빠짐,신대방역,16:20
2761,2021-03-03,역구내 사고,삼성역,07:06
2762,2021-03-03,출입문관련,범계역,16:26
2763,2021-02-26,역구내 사고,까치산(5)역,13:20
2764,2021-02-25,발빠짐,양천구청역,07:43
2765,2021-02-25,출입문관련,불광(3)역,19:23
2766,2021-02-25,출입문관련,교대(3)역,16:57
2767,2021-02-22,역구내 사고,제기동역,21:33
2768,2021-02-21,역구내 사고,중화역,11:38
2769,2021-02-18,출입문관련,충무로(3)역,14:16
2770,2021-02-18,발빠짐,군자(7)역,08:43
2771,2021-02-18,열차내 사고,광화문역,18:22
2772,2021-02-18,승강설비관련,충무로(3)역,10:10
2773,2021-02-16,열차내 사고,충정로(2)역,08:45
2774,2021-02-16,출입문관련,잠실(2)역,22:08
2775,2021-02-13,역구내 사고,경복궁역 ,10:55
2776,2021-02-10,승강설비관련,오금(3)역,21:49
2777,2021-02-09,승강설비관련,신대방삼거리역,16:41
2778,2021-02-09,열차내 사고,신림역,18:29
2779,2021-02-09,열차내 사고,사당(2)역,18:29
2780,2021-02-08,역구내 사고,독바위역,12:40
2781,2021-02-06,역구내 사고,성수역,15:41
2782,2021-02-04,역구내 사고,잠원역,15:10
2783,2021-02-03,출입문관련,수유역,17:38
2784,2021-02-03,열차내 사고,천호(5)역,21:40
2785,2021-02-03,출입문관련,신이문역,18:04
2786,2021-02-03,열차내 사고,길동역,18:38
2787,2021-02-01,출입문관련,숙대입구역,14:27
2788,2021-01-30,발빠짐,신길역,18:15
2789,2021-01-29,출입문관련,신도림(1)역,19:45
2790,2021-01-29,역구내 사고,구로디지털단지역,15:30
2791,2021-01-29,열차내 사고,온수(7)역,15:25
2792,2021-01-28,역구내 사고,연신내(3)역,11:10
2793,2021-01-28,역구내 사고,화랑대역,16:15
2794,2021-01-28,발빠짐,이수(7)역,08:18
2795,2021-01-26,출입문관련,명일역,19:29
2796,2021-01-26,출입문관련,명일역,19:29
2797,2021-01-21,역구내 사고,길음역,14:51
2798,2021-01-21,역구내 사고,한성대입구역,22:40
2799,2021-01-21,역구내 사고,사당(4)역,16:44
2800,2021-01-20,승강설비관련,애오개역,06:34
2801,2021-01-20,열차내 사고,청량리역,16:30
2802,2021-01-18,출입문관련,굽은다리역,21:03
2803,2021-01-18,역구내 사고,면목역,14:52
2804,2021-01-16,발빠짐,동작역,12:16
2805,2021-01-13,역구내 사고,을지로3가(3)역,13:00
2806,2021-01-13,열차내 사고,홍대입구역,12:45
2807,2021-01-13,승강설비관련,모란역,10:40
2808,2021-01-13,역구내 사고,충정로(2)역,07:40
2809,2021-01-13,역구내 사고,광화문역,08:54
2810,2021-01-13,역구내 사고,신사역,09:45
2811,2021-01-13,역구내 사고,논현역,10:35
2812,2021-01-12,역구내 사고,문래역,19:55
2813,2021-01-12,역구내 사고,공덕(5)역,08:45
2814,2021-01-12,출입문관련,서울(4)역,16:40
2815,2021-01-12,역구내 사고,잠실나루역,21:36
2816,2021-01-12,기타,숭실대입구역,11:20
2817,2021-01-11,역구내 사고,역삼역,19:43
2818,2021-01-11,발빠짐,강남역,18:35
2819,2021-01-11,발빠짐,동대문역사문화공원(2)역,14:16
2820,2021-01-10,역구내 사고,창동역,08:40
2821,2021-01-10,역구내 사고,수유역,14:30
2822,2021-01-09,기타,암사역,15:06
2823,2021-01-08,역구내 사고,신림역,14:04
2824,2021-01-08,발빠짐,경복궁역 ,08:27
2825,2021-01-07,역구내 사고,불광(6)역,08:00
2826,2021-01-07,역구내 사고,미아역,09:08
2827,2021-01-07,승강설비관련,방배역,21:20
2828,2021-01-07,승강설비관련,충무로(4)역,11:27
2829,2021-01-07,열차내 사고,태릉입구(6)역,14:09
2830,2021-01-07,기타,수락산역,08:00
2831,2021-01-07,역구내 사고,사당(2)역,09:08
2832,2021-01-06,열차내 사고,강남역,19:20
2833,2021-01-05,출입문관련,대림(7)역,07:27
2834,2021-01-04,출입문관련,몽촌토성역,18:22
2835,2021-01-03,역구내 사고,사당(4)역,10:30
2836,2021-01-02,역구내 사고,합정(2)역,08:00
2837,2021-01-02,역구내 사고,교대(3)역,16:30
